selection_role,selection_reason,image_id,image_path,true_label,persistence_rank,error_decisions,error_rate_pct,architectures_failing,dominant_wrong_label,max_incorrect_confidence,correct_decisions,correct_rate_pct,mean_true_class_probability
hard_error,At least one error in an independent completed evaluation,CNV/CNV-4283050-1.jpeg,D:\Keel\Project MSc - CSC-40098\3 - Experiments\Notebooks\Model_Training\Data_Kermany_OCT2017\test\CNV\CNV-4283050-1.jpeg,CNV,18.0,4,25.0,2.0,DME,0.92487407,,,
hard_error,At least one error in an independent completed evaluation,CNV/CNV-1305450-3.jpeg,D:\Keel\Project MSc - CSC-40098\3 - Experiments\Notebooks\Model_Training\Data_Kermany_OCT2017\test\CNV\CNV-1305450-3.jpeg,CNV,33.0,2,12.5,2.0,DME,0.8894491,,,
hard_error,At least one error in an independent completed evaluation,CNV/CNV-1894770-2.jpeg,D:\Keel\Project MSc - CSC-40098\3 - Experiments\Notebooks\Model_Training\Data_Kermany_OCT2017\test\CNV\CNV-1894770-2.jpeg,CNV,45.0,1,6.25,1.0,DME,0.82143646,,,
hard_error,At least one error in an independent completed evaluation,CNV/CNV-417468-1.jpeg,D:\Keel\Project MSc - CSC-40098\3 - Experiments\Notebooks\Model_Training\Data_Kermany_OCT2017\test\CNV\CNV-417468-1.jpeg,CNV,48.0,1,6.25,1.0,DME,0.7616463,,,
hard_error,At least one error in an independent completed evaluation,DME/DME-3288089-1.jpeg,D:\Keel\Project MSc - CSC-40098\3 - Experiments\Notebooks\Model_Training\Data_Kermany_OCT2017\test\DME\DME-3288089-1.jpeg,DME,6.0,9,56.25,4.0,CNV,0.83797246,,,
hard_error,At least one error in an independent completed evaluation,DME/DME-8000885-1.jpeg,D:\Keel\Project MSc - CSC-40098\3 - Experiments\Notebooks\Model_Training\Data_Kermany_OCT2017\test\DME\DME-8000885-1.jpeg,DME,22.0,3,18.75,2.0,CNV,0.920313,,,
hard_error,At least one error in an independent completed evaluation,DME/DME-5802218-1.jpeg,D:\Keel\Project MSc - CSC-40098\3 - Experiments\Notebooks\Model_Training\Data_Kermany_OCT2017\test\DME\DME-5802218-1.jpeg,DME,23.0,3,18.75,2.0,CNV,0.9069227,,,
hard_error,At least one error in an independent completed evaluation,DME/DME-1430899-1.jpeg,D:\Keel\Project MSc - CSC-40098\3 - Experiments\Notebooks\Model_Training\Data_Kermany_OCT2017\test\DME\DME-1430899-1.jpeg,DME,28.0,3,18.75,1.0,CNV,0.80397564,,,
hard_error,At least one error in an independent completed evaluation,DME/DME-9333524-1.jpeg,D:\Keel\Project MSc - CSC-40098\3 - Experiments\Notebooks\Model_Training\Data_Kermany_OCT2017\test\DME\DME-9333524-1.jpeg,DME,41.0,1,6.25,1.0,CNV,0.8748776,,,
hard_error,At least one error in an independent completed evaluation,DME/DME-7837305-2.jpeg,D:\Keel\Project MSc - CSC-40098\3 - Experiments\Notebooks\Model_Training\Data_Kermany_OCT2017\test\DME\DME-7837305-2.jpeg,DME,49.0,1,6.25,1.0,CNV,0.742671,,,
hard_error,At least one error in an independent completed evaluation,DME/DME-9579219-1.jpeg,D:\Keel\Project MSc - CSC-40098\3 - Experiments\Notebooks\Model_Training\Data_Kermany_OCT2017\test\DME\DME-9579219-1.jpeg,DME,63.0,1,6.25,1.0,CNV,0.5691851,,,
hard_error,At least one error in an independent completed evaluation,DME/DME-3064922-1.jpeg,D:\Keel\Project MSc - CSC-40098\3 - Experiments\Notebooks\Model_Training\Data_Kermany_OCT2017\test\DME\DME-3064922-1.jpeg,DME,66.0,1,6.25,1.0,CNV,0.5086999,,,
hard_error,At least one error in an independent completed evaluation,DRUSEN/DRUSEN-349021-2.jpeg,D:\Keel\Project MSc - CSC-40098\3 - Experiments\Notebooks\Model_Training\Data_Kermany_OCT2017\test\DRUSEN\DRUSEN-349021-2.jpeg,DRUSEN,1.0,16,100.0,4.0,CNV,0.9982836,,,
hard_error,At least one error in an independent completed evaluation,DRUSEN/DRUSEN-8870525-2.jpeg,D:\Keel\Project MSc - CSC-40098\3 - Experiments\Notebooks\Model_Training\Data_Kermany_OCT2017\test\DRUSEN\DRUSEN-8870525-2.jpeg,DRUSEN,2.0,16,100.0,4.0,CNV,0.99744296,,,
hard_error,At least one error in an independent completed evaluation,DRUSEN/DRUSEN-8870525-3.jpeg,D:\Keel\Project MSc - CSC-40098\3 - Experiments\Notebooks\Model_Training\Data_Kermany_OCT2017\test\DRUSEN\DRUSEN-8870525-3.jpeg,DRUSEN,3.0,14,87.5,4.0,CNV,0.9967686,,,
hard_error,At least one error in an independent completed evaluation,DRUSEN/DRUSEN-1173253-1.jpeg,D:\Keel\Project MSc - CSC-40098\3 - Experiments\Notebooks\Model_Training\Data_Kermany_OCT2017\test\DRUSEN\DRUSEN-1173253-1.jpeg,DRUSEN,4.0,11,68.75,4.0,CNV,0.96815854,,,
hard_error,At least one error in an independent completed evaluation,DRUSEN/DRUSEN-4343867-1.jpeg,D:\Keel\Project MSc - CSC-40098\3 - Experiments\Notebooks\Model_Training\Data_Kermany_OCT2017\test\DRUSEN\DRUSEN-4343867-1.jpeg,DRUSEN,7.0,9,56.25,3.0,CNV,0.97085685,,,
hard_error,At least one error in an independent completed evaluation,DRUSEN/DRUSEN-5477211-1.jpeg,D:\Keel\Project MSc - CSC-40098\3 - Experiments\Notebooks\Model_Training\Data_Kermany_OCT2017\test\DRUSEN\DRUSEN-5477211-1.jpeg,DRUSEN,8.0,8,50.0,4.0,CNV,0.95116115,,,
hard_error,At least one error in an independent completed evaluation,DRUSEN/DRUSEN-9059831-2.jpeg,D:\Keel\Project MSc - CSC-40098\3 - Experiments\Notebooks\Model_Training\Data_Kermany_OCT2017\test\DRUSEN\DRUSEN-9059831-2.jpeg,DRUSEN,9.0,8,50.0,3.0,CNV,0.96513456,,,
hard_error,At least one error in an independent completed evaluation,DRUSEN/DRUSEN-9734808-2.jpeg,D:\Keel\Project MSc - CSC-40098\3 - Experiments\Notebooks\Model_Training\Data_Kermany_OCT2017\test\DRUSEN\DRUSEN-9734808-2.jpeg,DRUSEN,10.0,8,50.0,3.0,CNV,0.93001324,,,
hard_error,At least one error in an independent completed evaluation,DRUSEN/DRUSEN-8440718-1.jpeg,D:\Keel\Project MSc - CSC-40098\3 - Experiments\Notebooks\Model_Training\Data_Kermany_OCT2017\test\DRUSEN\DRUSEN-8440718-1.jpeg,DRUSEN,11.0,6,37.5,4.0,CNV,0.85178363,,,
hard_error,At least one error in an independent completed evaluation,DRUSEN/DRUSEN-7513011-1.jpeg,D:\Keel\Project MSc - CSC-40098\3 - Experiments\Notebooks\Model_Training\Data_Kermany_OCT2017\test\DRUSEN\DRUSEN-7513011-1.jpeg,DRUSEN,12.0,6,37.5,3.0,CNV,0.9346903,,,
hard_error,At least one error in an independent completed evaluation,DRUSEN/DRUSEN-8549730-1.jpeg,D:\Keel\Project MSc - CSC-40098\3 - Experiments\Notebooks\Model_Training\Data_Kermany_OCT2017\test\DRUSEN\DRUSEN-8549730-1.jpeg,DRUSEN,13.0,6,37.5,3.0,CNV,0.836368,,,
hard_error,At least one error in an independent completed evaluation,DRUSEN/DRUSEN-8039905-1.jpeg,D:\Keel\Project MSc - CSC-40098\3 - Experiments\Notebooks\Model_Training\Data_Kermany_OCT2017\test\DRUSEN\DRUSEN-8039905-1.jpeg,DRUSEN,14.0,5,31.25,3.0,CNV,0.8918773,,,
hard_error,At least one error in an independent completed evaluation,DRUSEN/DRUSEN-349021-1.jpeg,D:\Keel\Project MSc - CSC-40098\3 - Experiments\Notebooks\Model_Training\Data_Kermany_OCT2017\test\DRUSEN\DRUSEN-349021-1.jpeg,DRUSEN,15.0,5,31.25,3.0,CNV,0.77737087,,,
hard_error,At least one error in an independent completed evaluation,DRUSEN/DRUSEN-7710023-1.jpeg,D:\Keel\Project MSc - CSC-40098\3 - Experiments\Notebooks\Model_Training\Data_Kermany_OCT2017\test\DRUSEN\DRUSEN-7710023-1.jpeg,DRUSEN,16.0,4,25.0,3.0,CNV,0.7308969,,,
hard_error,At least one error in an independent completed evaluation,DRUSEN/DRUSEN-2403178-3.jpeg,D:\Keel\Project MSc - CSC-40098\3 - Experiments\Notebooks\Model_Training\Data_Kermany_OCT2017\test\DRUSEN\DRUSEN-2403178-3.jpeg,DRUSEN,17.0,4,25.0,3.0,CNV,0.70822793,,,
hard_error,At least one error in an independent completed evaluation,DRUSEN/DRUSEN-4314625-1.jpeg,D:\Keel\Project MSc - CSC-40098\3 - Experiments\Notebooks\Model_Training\Data_Kermany_OCT2017\test\DRUSEN\DRUSEN-4314625-1.jpeg,DRUSEN,19.0,4,25.0,2.0,CNV,0.6936312,,,
hard_error,At least one error in an independent completed evaluation,DRUSEN/DRUSEN-7345121-1.jpeg,D:\Keel\Project MSc - CSC-40098\3 - Experiments\Notebooks\Model_Training\Data_Kermany_OCT2017\test\DRUSEN\DRUSEN-7345121-1.jpeg,DRUSEN,20.0,3,18.75,3.0,CNV,0.8881741,,,
hard_error,At least one error in an independent completed evaluation,DRUSEN/DRUSEN-2510299-1.jpeg,D:\Keel\Project MSc - CSC-40098\3 - Experiments\Notebooks\Model_Training\Data_Kermany_OCT2017\test\DRUSEN\DRUSEN-2510299-1.jpeg,DRUSEN,21.0,3,18.75,2.0,CNV,0.92678183,,,
hard_error,At least one error in an independent completed evaluation,DRUSEN/DRUSEN-3214955-1.jpeg,D:\Keel\Project MSc - CSC-40098\3 - Experiments\Notebooks\Model_Training\Data_Kermany_OCT2017\test\DRUSEN\DRUSEN-3214955-1.jpeg,DRUSEN,24.0,3,18.75,2.0,CNV,0.8588091,,,
hard_error,At least one error in an independent completed evaluation,DRUSEN/DRUSEN-1246453-1.jpeg,D:\Keel\Project MSc - CSC-40098\3 - Experiments\Notebooks\Model_Training\Data_Kermany_OCT2017\test\DRUSEN\DRUSEN-1246453-1.jpeg,DRUSEN,25.0,3,18.75,2.0,CNV,0.8477603,,,
hard_error,At least one error in an independent completed evaluation,DRUSEN/DRUSEN-8854406-1.jpeg,D:\Keel\Project MSc - CSC-40098\3 - Experiments\Notebooks\Model_Training\Data_Kermany_OCT2017\test\DRUSEN\DRUSEN-8854406-1.jpeg,DRUSEN,26.0,3,18.75,2.0,CNV,0.752756,,,
hard_error,At least one error in an independent completed evaluation,DRUSEN/DRUSEN-4293095-1.jpeg,D:\Keel\Project MSc - CSC-40098\3 - Experiments\Notebooks\Model_Training\Data_Kermany_OCT2017\test\DRUSEN\DRUSEN-4293095-1.jpeg,DRUSEN,27.0,3,18.75,2.0,CNV,0.62785023,,,
hard_error,At least one error in an independent completed evaluation,DRUSEN/DRUSEN-7710023-2.jpeg,D:\Keel\Project MSc - CSC-40098\3 - Experiments\Notebooks\Model_Training\Data_Kermany_OCT2017\test\DRUSEN\DRUSEN-7710023-2.jpeg,DRUSEN,29.0,2,12.5,2.0,CNV,0.9493933,,,
hard_error,At least one error in an independent completed evaluation,DRUSEN/DRUSEN-2108193-1.jpeg,D:\Keel\Project MSc - CSC-40098\3 - Experiments\Notebooks\Model_Training\Data_Kermany_OCT2017\test\DRUSEN\DRUSEN-2108193-1.jpeg,DRUSEN,30.0,2,12.5,2.0,CNV,0.94258547,,,
hard_error,At least one error in an independent completed evaluation,DRUSEN/DRUSEN-7915033-1.jpeg,D:\Keel\Project MSc - CSC-40098\3 - Experiments\Notebooks\Model_Training\Data_Kermany_OCT2017\test\DRUSEN\DRUSEN-7915033-1.jpeg,DRUSEN,31.0,2,12.5,2.0,CNV,0.9420832,,,
hard_error,At least one error in an independent completed evaluation,DRUSEN/DRUSEN-3439251-1.jpeg,D:\Keel\Project MSc - CSC-40098\3 - Experiments\Notebooks\Model_Training\Data_Kermany_OCT2017\test\DRUSEN\DRUSEN-3439251-1.jpeg,DRUSEN,32.0,2,12.5,2.0,CNV,0.9389809,,,
hard_error,At least one error in an independent completed evaluation,DRUSEN/DRUSEN-2128644-3.jpeg,D:\Keel\Project MSc - CSC-40098\3 - Experiments\Notebooks\Model_Training\Data_Kermany_OCT2017\test\DRUSEN\DRUSEN-2128644-3.jpeg,DRUSEN,34.0,2,12.5,2.0,CNV,0.8443465,,,
hard_error,At least one error in an independent completed evaluation,DRUSEN/DRUSEN-8870525-1.jpeg,D:\Keel\Project MSc - CSC-40098\3 - Experiments\Notebooks\Model_Training\Data_Kermany_OCT2017\test\DRUSEN\DRUSEN-8870525-1.jpeg,DRUSEN,35.0,2,12.5,2.0,CNV,0.70334345,,,
hard_error,At least one error in an independent completed evaluation,DRUSEN/DRUSEN-4304015-1.jpeg,D:\Keel\Project MSc - CSC-40098\3 - Experiments\Notebooks\Model_Training\Data_Kermany_OCT2017\test\DRUSEN\DRUSEN-4304015-1.jpeg,DRUSEN,36.0,2,12.5,2.0,CNV,0.7023187,,,
hard_error,At least one error in an independent completed evaluation,DRUSEN/DRUSEN-2403178-2.jpeg,D:\Keel\Project MSc - CSC-40098\3 - Experiments\Notebooks\Model_Training\Data_Kermany_OCT2017\test\DRUSEN\DRUSEN-2403178-2.jpeg,DRUSEN,37.0,2,12.5,1.0,CNV,0.9822495,,,
hard_error,At least one error in an independent completed evaluation,DRUSEN/DRUSEN-4878077-5.jpeg,D:\Keel\Project MSc - CSC-40098\3 - Experiments\Notebooks\Model_Training\Data_Kermany_OCT2017\test\DRUSEN\DRUSEN-4878077-5.jpeg,DRUSEN,38.0,2,12.5,1.0,CNV,0.761646,,,
hard_error,At least one error in an independent completed evaluation,DRUSEN/DRUSEN-3017923-1.jpeg,D:\Keel\Project MSc - CSC-40098\3 - Experiments\Notebooks\Model_Training\Data_Kermany_OCT2017\test\DRUSEN\DRUSEN-3017923-1.jpeg,DRUSEN,39.0,2,12.5,1.0,CNV,0.52625203,,,
hard_error,At least one error in an independent completed evaluation,DRUSEN/DRUSEN-6193297-5.jpeg,D:\Keel\Project MSc - CSC-40098\3 - Experiments\Notebooks\Model_Training\Data_Kermany_OCT2017\test\DRUSEN\DRUSEN-6193297-5.jpeg,DRUSEN,40.0,1,6.25,1.0,CNV,0.94300973,,,
hard_error,At least one error in an independent completed evaluation,DRUSEN/DRUSEN-2403178-1.jpeg,D:\Keel\Project MSc - CSC-40098\3 - Experiments\Notebooks\Model_Training\Data_Kermany_OCT2017\test\DRUSEN\DRUSEN-2403178-1.jpeg,DRUSEN,42.0,1,6.25,1.0,CNV,0.8623934,,,
hard_error,At least one error in an independent completed evaluation,DRUSEN/DRUSEN-2108193-2.jpeg,D:\Keel\Project MSc - CSC-40098\3 - Experiments\Notebooks\Model_Training\Data_Kermany_OCT2017\test\DRUSEN\DRUSEN-2108193-2.jpeg,DRUSEN,43.0,1,6.25,1.0,CNV,0.8571927,,,
hard_error,At least one error in an independent completed evaluation,DRUSEN/DRUSEN-9059831-1.jpeg,D:\Keel\Project MSc - CSC-40098\3 - Experiments\Notebooks\Model_Training\Data_Kermany_OCT2017\test\DRUSEN\DRUSEN-9059831-1.jpeg,DRUSEN,44.0,1,6.25,1.0,CNV,0.84283817,,,
hard_error,At least one error in an independent completed evaluation,DRUSEN/DRUSEN-8656509-1.jpeg,D:\Keel\Project MSc - CSC-40098\3 - Experiments\Notebooks\Model_Training\Data_Kermany_OCT2017\test\DRUSEN\DRUSEN-8656509-1.jpeg,DRUSEN,46.0,1,6.25,1.0,CNV,0.8144931,,,
hard_error,At least one error in an independent completed evaluation,DRUSEN/DRUSEN-8605472-1.jpeg,D:\Keel\Project MSc - CSC-40098\3 - Experiments\Notebooks\Model_Training\Data_Kermany_OCT2017\test\DRUSEN\DRUSEN-8605472-1.jpeg,DRUSEN,47.0,1,6.25,1.0,CNV,0.8085906,,,
hard_error,At least one error in an independent completed evaluation,DRUSEN/DRUSEN-8708331-1.jpeg,D:\Keel\Project MSc - CSC-40098\3 - Experiments\Notebooks\Model_Training\Data_Kermany_OCT2017\test\DRUSEN\DRUSEN-8708331-1.jpeg,DRUSEN,50.0,1,6.25,1.0,CNV,0.7336413,,,
hard_error,At least one error in an independent completed evaluation,DRUSEN/DRUSEN-3439251-2.jpeg,D:\Keel\Project MSc - CSC-40098\3 - Experiments\Notebooks\Model_Training\Data_Kermany_OCT2017\test\DRUSEN\DRUSEN-3439251-2.jpeg,DRUSEN,51.0,1,6.25,1.0,CNV,0.7326971,,,
hard_error,At least one error in an independent completed evaluation,DRUSEN/DRUSEN-8251771-1.jpeg,D:\Keel\Project MSc - CSC-40098\3 - Experiments\Notebooks\Model_Training\Data_Kermany_OCT2017\test\DRUSEN\DRUSEN-8251771-1.jpeg,DRUSEN,52.0,1,6.25,1.0,CNV,0.6716551,,,
hard_error,At least one error in an independent completed evaluation,DRUSEN/DRUSEN-8440718-4.jpeg,D:\Keel\Project MSc - CSC-40098\3 - Experiments\Notebooks\Model_Training\Data_Kermany_OCT2017\test\DRUSEN\DRUSEN-8440718-4.jpeg,DRUSEN,53.0,1,6.25,1.0,CNV,0.6428247,,,
hard_error,At least one error in an independent completed evaluation,DRUSEN/DRUSEN-5710007-1.jpeg,D:\Keel\Project MSc - CSC-40098\3 - Experiments\Notebooks\Model_Training\Data_Kermany_OCT2017\test\DRUSEN\DRUSEN-5710007-1.jpeg,DRUSEN,54.0,1,6.25,1.0,CNV,0.6372996,,,
hard_error,At least one error in an independent completed evaluation,DRUSEN/DRUSEN-2257047-4.jpeg,D:\Keel\Project MSc - CSC-40098\3 - Experiments\Notebooks\Model_Training\Data_Kermany_OCT2017\test\DRUSEN\DRUSEN-2257047-4.jpeg,DRUSEN,55.0,1,6.25,1.0,CNV,0.6263219,,,
hard_error,At least one error in an independent completed evaluation,DRUSEN/DRUSEN-4291972-1.jpeg,D:\Keel\Project MSc - CSC-40098\3 - Experiments\Notebooks\Model_Training\Data_Kermany_OCT2017\test\DRUSEN\DRUSEN-4291972-1.jpeg,DRUSEN,56.0,1,6.25,1.0,CNV,0.6243157,,,
hard_error,At least one error in an independent completed evaluation,DRUSEN/DRUSEN-2257047-8.jpeg,D:\Keel\Project MSc - CSC-40098\3 - Experiments\Notebooks\Model_Training\Data_Kermany_OCT2017\test\DRUSEN\DRUSEN-2257047-8.jpeg,DRUSEN,59.0,1,6.25,1.0,CNV,0.6069757,,,
hard_error,At least one error in an independent completed evaluation,DRUSEN/DRUSEN-2489093-1.jpeg,D:\Keel\Project MSc - CSC-40098\3 - Experiments\Notebooks\Model_Training\Data_Kermany_OCT2017\test\DRUSEN\DRUSEN-2489093-1.jpeg,DRUSEN,60.0,1,6.25,1.0,CNV,0.5988437,,,
hard_error,At least one error in an independent completed evaluation,DRUSEN/DRUSEN-6264369-1.jpeg,D:\Keel\Project MSc - CSC-40098\3 - Experiments\Notebooks\Model_Training\Data_Kermany_OCT2017\test\DRUSEN\DRUSEN-6264369-1.jpeg,DRUSEN,61.0,1,6.25,1.0,CNV,0.583707,,,
hard_error,At least one error in an independent completed evaluation,DRUSEN/DRUSEN-2185112-2.jpeg,D:\Keel\Project MSc - CSC-40098\3 - Experiments\Notebooks\Model_Training\Data_Kermany_OCT2017\test\DRUSEN\DRUSEN-2185112-2.jpeg,DRUSEN,62.0,1,6.25,1.0,CNV,0.5743209,,,
hard_error,At least one error in an independent completed evaluation,DRUSEN/DRUSEN-2510299-2.jpeg,D:\Keel\Project MSc - CSC-40098\3 - Experiments\Notebooks\Model_Training\Data_Kermany_OCT2017\test\DRUSEN\DRUSEN-2510299-2.jpeg,DRUSEN,64.0,1,6.25,1.0,CNV,0.5572942,,,
hard_error,At least one error in an independent completed evaluation,DRUSEN/DRUSEN-584218-1.jpeg,D:\Keel\Project MSc - CSC-40098\3 - Experiments\Notebooks\Model_Training\Data_Kermany_OCT2017\test\DRUSEN\DRUSEN-584218-1.jpeg,DRUSEN,65.0,1,6.25,1.0,CNV,0.5119968,,,
hard_error,At least one error in an independent completed evaluation,DRUSEN/DRUSEN-3424668-3.jpeg,D:\Keel\Project MSc - CSC-40098\3 - Experiments\Notebooks\Model_Training\Data_Kermany_OCT2017\test\DRUSEN\DRUSEN-3424668-3.jpeg,DRUSEN,67.0,1,6.25,1.0,CNV,0.5081683,,,
hard_error,At least one error in an independent completed evaluation,DRUSEN/DRUSEN-4973287-1.jpeg,D:\Keel\Project MSc - CSC-40098\3 - Experiments\Notebooks\Model_Training\Data_Kermany_OCT2017\test\DRUSEN\DRUSEN-4973287-1.jpeg,DRUSEN,68.0,1,6.25,1.0,CNV,0.50258064,,,
hard_error,At least one error in an independent completed evaluation,NORMAL/NORMAL-2182640-1.jpeg,D:\Keel\Project MSc - CSC-40098\3 - Experiments\Notebooks\Model_Training\Data_Kermany_OCT2017\test\NORMAL\NORMAL-2182640-1.jpeg,NORMAL,5.0,10,62.5,3.0,DRUSEN,0.8237374,,,
hard_error,At least one error in an independent completed evaluation,NORMAL/NORMAL-1907560-1.jpeg,D:\Keel\Project MSc - CSC-40098\3 - Experiments\Notebooks\Model_Training\Data_Kermany_OCT2017\test\NORMAL\NORMAL-1907560-1.jpeg,NORMAL,57.0,1,6.25,1.0,DRUSEN,0.6185359,,,
hard_error,At least one error in an independent completed evaluation,NORMAL/NORMAL-697826-1.jpeg,D:\Keel\Project MSc - CSC-40098\3 - Experiments\Notebooks\Model_Training\Data_Kermany_OCT2017\test\NORMAL\NORMAL-697826-1.jpeg,NORMAL,58.0,1,6.25,1.0,DRUSEN,0.60812765,,,
hard_error,At least one error in an independent completed evaluation,NORMAL/NORMAL-446851-2.jpeg,D:\Keel\Project MSc - CSC-40098\3 - Experiments\Notebooks\Model_Training\Data_Kermany_OCT2017\test\NORMAL\NORMAL-446851-2.jpeg,NORMAL,69.0,1,6.25,1.0,DME,0.3555165,,,
matched_correct_control,Correct in all 16 independent runs; matched to CNV,CNV/CNV-1699976-4.jpeg,D:\Keel\Project MSc - CSC-40098\3 - Experiments\Notebooks\Model_Training\Data_Kermany_OCT2017\test\CNV\CNV-1699976-4.jpeg,CNV,,0,,,,,16.0,100.0,0.999987319111824
matched_correct_control,Correct in all 16 independent runs; matched to CNV,CNV/CNV-172472-10.jpeg,D:\Keel\Project MSc - CSC-40098\3 - Experiments\Notebooks\Model_Training\Data_Kermany_OCT2017\test\CNV\CNV-172472-10.jpeg,CNV,,0,,,,,16.0,100.0,0.9999893605709076
matched_correct_control,Correct in all 16 independent runs; matched to CNV,CNV/CNV-2158821-1.jpeg,D:\Keel\Project MSc - CSC-40098\3 - Experiments\Notebooks\Model_Training\Data_Kermany_OCT2017\test\CNV\CNV-2158821-1.jpeg,CNV,,0,,,,,16.0,100.0,0.999988280236721
matched_correct_control,Correct in all 16 independent runs; matched to CNV,CNV/CNV-2177326-1.jpeg,D:\Keel\Project MSc - CSC-40098\3 - Experiments\Notebooks\Model_Training\Data_Kermany_OCT2017\test\CNV\CNV-2177326-1.jpeg,CNV,,0,,,,,16.0,100.0,0.9999876394867897
matched_correct_control,Correct in all 16 independent runs; matched to DME,DME/DME-1102486-2.jpeg,D:\Keel\Project MSc - CSC-40098\3 - Experiments\Notebooks\Model_Training\Data_Kermany_OCT2017\test\DME\DME-1102486-2.jpeg,DME,,0,,,,,16.0,100.0,0.9998789094388485
matched_correct_control,Correct in all 16 independent runs; matched to DME,DME/DME-138971-1.jpeg,D:\Keel\Project MSc - CSC-40098\3 - Experiments\Notebooks\Model_Training\Data_Kermany_OCT2017\test\DME\DME-138971-1.jpeg,DME,,0,,,,,16.0,100.0,0.9998781122267246
matched_correct_control,Correct in all 16 independent runs; matched to DME,DME/DME-2126962-1.jpeg,D:\Keel\Project MSc - CSC-40098\3 - Experiments\Notebooks\Model_Training\Data_Kermany_OCT2017\test\DME\DME-2126962-1.jpeg,DME,,0,,,,,16.0,100.0,0.9999073371291161
matched_correct_control,Correct in all 16 independent runs; matched to DME,DME/DME-30521-4.jpeg,D:\Keel\Project MSc - CSC-40098\3 - Experiments\Notebooks\Model_Training\Data_Kermany_OCT2017\test\DME\DME-30521-4.jpeg,DME,,0,,,,,16.0,100.0,0.9999027885496616
matched_correct_control,Correct in all 16 independent runs; matched to DME,DME/DME-3731953-1.jpeg,D:\Keel\Project MSc - CSC-40098\3 - Experiments\Notebooks\Model_Training\Data_Kermany_OCT2017\test\DME\DME-3731953-1.jpeg,DME,,0,,,,,16.0,100.0,0.9999102279543877
matched_correct_control,Correct in all 16 independent runs; matched to DME,DME/DME-5072525-1.jpeg,D:\Keel\Project MSc - CSC-40098\3 - Experiments\Notebooks\Model_Training\Data_Kermany_OCT2017\test\DME\DME-5072525-1.jpeg,DME,,0,,,,,16.0,100.0,0.9999298043549061
matched_correct_control,Correct in all 16 independent runs; matched to DME,DME/DME-7780589-1.jpeg,D:\Keel\Project MSc - CSC-40098\3 - Experiments\Notebooks\Model_Training\Data_Kermany_OCT2017\test\DME\DME-7780589-1.jpeg,DME,,0,,,,,16.0,100.0,0.9998963959515095
matched_correct_control,Correct in all 16 independent runs; matched to DME,DME/DME-8989419-1.jpeg,D:\Keel\Project MSc - CSC-40098\3 - Experiments\Notebooks\Model_Training\Data_Kermany_OCT2017\test\DME\DME-8989419-1.jpeg,DME,,0,,,,,16.0,100.0,0.9998835287988186
matched_correct_control,Correct in all 16 independent runs; matched to DRUSEN,DRUSEN/DRUSEN-1225603-1.jpeg,D:\Keel\Project MSc - CSC-40098\3 - Experiments\Notebooks\Model_Training\Data_Kermany_OCT2017\test\DRUSEN\DRUSEN-1225603-1.jpeg,DRUSEN,,0,,,,,16.0,100.0,0.9990954846143723
matched_correct_control,Correct in all 16 independent runs; matched to DRUSEN,DRUSEN/DRUSEN-1225603-2.jpeg,D:\Keel\Project MSc - CSC-40098\3 - Experiments\Notebooks\Model_Training\Data_Kermany_OCT2017\test\DRUSEN\DRUSEN-1225603-2.jpeg,DRUSEN,,0,,,,,16.0,100.0,0.9981268607079983
matched_correct_control,Correct in all 16 independent runs; matched to DRUSEN,DRUSEN/DRUSEN-1237848-1.jpeg,D:\Keel\Project MSc - CSC-40098\3 - Experiments\Notebooks\Model_Training\Data_Kermany_OCT2017\test\DRUSEN\DRUSEN-1237848-1.jpeg,DRUSEN,,0,,,,,16.0,100.0,0.998324241489172
matched_correct_control,Correct in all 16 independent runs; matched to DRUSEN,DRUSEN/DRUSEN-1237848-2.jpeg,D:\Keel\Project MSc - CSC-40098\3 - Experiments\Notebooks\Model_Training\Data_Kermany_OCT2017\test\DRUSEN\DRUSEN-1237848-2.jpeg,DRUSEN,,0,,,,,16.0,100.0,0.9969374500215054
matched_correct_control,Correct in all 16 independent runs; matched to DRUSEN,DRUSEN/DRUSEN-1237848-3.jpeg,D:\Keel\Project MSc - CSC-40098\3 - Experiments\Notebooks\Model_Training\Data_Kermany_OCT2017\test\DRUSEN\DRUSEN-1237848-3.jpeg,DRUSEN,,0,,,,,16.0,100.0,0.9992200024425983
matched_correct_control,Correct in all 16 independent runs; matched to DRUSEN,DRUSEN/DRUSEN-1487749-1.jpeg,D:\Keel\Project MSc - CSC-40098\3 - Experiments\Notebooks\Model_Training\Data_Kermany_OCT2017\test\DRUSEN\DRUSEN-1487749-1.jpeg,DRUSEN,,0,,,,,16.0,100.0,0.9983578845858574
matched_correct_control,Correct in all 16 independent runs; matched to DRUSEN,DRUSEN/DRUSEN-1487749-2.jpeg,D:\Keel\Project MSc - CSC-40098\3 - Experiments\Notebooks\Model_Training\Data_Kermany_OCT2017\test\DRUSEN\DRUSEN-1487749-2.jpeg,DRUSEN,,0,,,,,16.0,100.0,0.9975808672606945
matched_correct_control,Correct in all 16 independent runs; matched to DRUSEN,DRUSEN/DRUSEN-1487749-4.jpeg,D:\Keel\Project MSc - CSC-40098\3 - Experiments\Notebooks\Model_Training\Data_Kermany_OCT2017\test\DRUSEN\DRUSEN-1487749-4.jpeg,DRUSEN,,0,,,,,16.0,100.0,0.9992264956235886
matched_correct_control,Correct in all 16 independent runs; matched to DRUSEN,DRUSEN/DRUSEN-1912508-1.jpeg,D:\Keel\Project MSc - CSC-40098\3 - Experiments\Notebooks\Model_Training\Data_Kermany_OCT2017\test\DRUSEN\DRUSEN-1912508-1.jpeg,DRUSEN,,0,,,,,16.0,100.0,0.9973236173391342
matched_correct_control,Correct in all 16 independent runs; matched to DRUSEN,DRUSEN/DRUSEN-1997439-1.jpeg,D:\Keel\Project MSc - CSC-40098\3 - Experiments\Notebooks\Model_Training\Data_Kermany_OCT2017\test\DRUSEN\DRUSEN-1997439-1.jpeg,DRUSEN,,0,,,,,16.0,100.0,0.9978704415261745
matched_correct_control,Correct in all 16 independent runs; matched to DRUSEN,DRUSEN/DRUSEN-1997439-2.jpeg,D:\Keel\Project MSc - CSC-40098\3 - Experiments\Notebooks\Model_Training\Data_Kermany_OCT2017\test\DRUSEN\DRUSEN-1997439-2.jpeg,DRUSEN,,0,,,,,16.0,100.0,0.9989561438560486
matched_correct_control,Correct in all 16 independent runs; matched to DRUSEN,DRUSEN/DRUSEN-1997439-4.jpeg,D:\Keel\Project MSc - CSC-40098\3 - Experiments\Notebooks\Model_Training\Data_Kermany_OCT2017\test\DRUSEN\DRUSEN-1997439-4.jpeg,DRUSEN,,0,,,,,16.0,100.0,0.9972886182367802
matched_correct_control,Correct in all 16 independent runs; matched to DRUSEN,DRUSEN/DRUSEN-2141150-1.jpeg,D:\Keel\Project MSc - CSC-40098\3 - Experiments\Notebooks\Model_Training\Data_Kermany_OCT2017\test\DRUSEN\DRUSEN-2141150-1.jpeg,DRUSEN,,0,,,,,16.0,100.0,0.9990737028419971
matched_correct_control,Correct in all 16 independent runs; matched to DRUSEN,DRUSEN/DRUSEN-2173657-1.jpeg,D:\Keel\Project MSc - CSC-40098\3 - Experiments\Notebooks\Model_Training\Data_Kermany_OCT2017\test\DRUSEN\DRUSEN-2173657-1.jpeg,DRUSEN,,0,,,,,16.0,100.0,0.9990471974015236
matched_correct_control,Correct in all 16 independent runs; matched to DRUSEN,DRUSEN/DRUSEN-228939-1.jpeg,D:\Keel\Project MSc - CSC-40098\3 - Experiments\Notebooks\Model_Training\Data_Kermany_OCT2017\test\DRUSEN\DRUSEN-228939-1.jpeg,DRUSEN,,0,,,,,16.0,100.0,0.9989936053752899
matched_correct_control,Correct in all 16 independent runs; matched to DRUSEN,DRUSEN/DRUSEN-228939-2.jpeg,D:\Keel\Project MSc - CSC-40098\3 - Experiments\Notebooks\Model_Training\Data_Kermany_OCT2017\test\DRUSEN\DRUSEN-228939-2.jpeg,DRUSEN,,0,,,,,16.0,100.0,0.9980788193643093
matched_correct_control,Correct in all 16 independent runs; matched to DRUSEN,DRUSEN/DRUSEN-2308158-1.jpeg,D:\Keel\Project MSc - CSC-40098\3 - Experiments\Notebooks\Model_Training\Data_Kermany_OCT2017\test\DRUSEN\DRUSEN-2308158-1.jpeg,DRUSEN,,0,,,,,16.0,100.0,0.9983711838722229
matched_correct_control,Correct in all 16 independent runs; matched to DRUSEN,DRUSEN/DRUSEN-2541184-1.jpeg,D:\Keel\Project MSc - CSC-40098\3 - Experiments\Notebooks\Model_Training\Data_Kermany_OCT2017\test\DRUSEN\DRUSEN-2541184-1.jpeg,DRUSEN,,0,,,,,16.0,100.0,0.9975751452147961
matched_correct_control,Correct in all 16 independent runs; matched to DRUSEN,DRUSEN/DRUSEN-303435-1.jpeg,D:\Keel\Project MSc - CSC-40098\3 - Experiments\Notebooks\Model_Training\Data_Kermany_OCT2017\test\DRUSEN\DRUSEN-303435-1.jpeg,DRUSEN,,0,,,,,16.0,100.0,0.9985358007252216
matched_correct_control,Correct in all 16 independent runs; matched to DRUSEN,DRUSEN/DRUSEN-3276918-2.jpeg,D:\Keel\Project MSc - CSC-40098\3 - Experiments\Notebooks\Model_Training\Data_Kermany_OCT2017\test\DRUSEN\DRUSEN-3276918-2.jpeg,DRUSEN,,0,,,,,16.0,100.0,0.998248141258955
matched_correct_control,Correct in all 16 independent runs; matched to DRUSEN,DRUSEN/DRUSEN-3317878-1.jpeg,D:\Keel\Project MSc - CSC-40098\3 - Experiments\Notebooks\Model_Training\Data_Kermany_OCT2017\test\DRUSEN\DRUSEN-3317878-1.jpeg,DRUSEN,,0,,,,,16.0,100.0,0.996851209551096
matched_correct_control,Correct in all 16 independent runs; matched to DRUSEN,DRUSEN/DRUSEN-3482415-1.jpeg,D:\Keel\Project MSc - CSC-40098\3 - Experiments\Notebooks\Model_Training\Data_Kermany_OCT2017\test\DRUSEN\DRUSEN-3482415-1.jpeg,DRUSEN,,0,,,,,16.0,100.0,0.9970750100910664
matched_correct_control,Correct in all 16 independent runs; matched to DRUSEN,DRUSEN/DRUSEN-364469-4.jpeg,D:\Keel\Project MSc - CSC-40098\3 - Experiments\Notebooks\Model_Training\Data_Kermany_OCT2017\test\DRUSEN\DRUSEN-364469-4.jpeg,DRUSEN,,0,,,,,16.0,100.0,0.9969141930341721
matched_correct_control,Correct in all 16 independent runs; matched to DRUSEN,DRUSEN/DRUSEN-4240777-1.jpeg,D:\Keel\Project MSc - CSC-40098\3 - Experiments\Notebooks\Model_Training\Data_Kermany_OCT2017\test\DRUSEN\DRUSEN-4240777-1.jpeg,DRUSEN,,0,,,,,16.0,100.0,0.9968707263469696
matched_correct_control,Correct in all 16 independent runs; matched to DRUSEN,DRUSEN/DRUSEN-4666680-1.jpeg,D:\Keel\Project MSc - CSC-40098\3 - Experiments\Notebooks\Model_Training\Data_Kermany_OCT2017\test\DRUSEN\DRUSEN-4666680-1.jpeg,DRUSEN,,0,,,,,16.0,100.0,0.9972762316465378
matched_correct_control,Correct in all 16 independent runs; matched to DRUSEN,DRUSEN/DRUSEN-4666680-2.jpeg,D:\Keel\Project MSc - CSC-40098\3 - Experiments\Notebooks\Model_Training\Data_Kermany_OCT2017\test\DRUSEN\DRUSEN-4666680-2.jpeg,DRUSEN,,0,,,,,16.0,100.0,0.9983416795730591
matched_correct_control,Correct in all 16 independent runs; matched to DRUSEN,DRUSEN/DRUSEN-4878077-2.jpeg,D:\Keel\Project MSc - CSC-40098\3 - Experiments\Notebooks\Model_Training\Data_Kermany_OCT2017\test\DRUSEN\DRUSEN-4878077-2.jpeg,DRUSEN,,0,,,,,16.0,100.0,0.9968537203967571
matched_correct_control,Correct in all 16 independent runs; matched to DRUSEN,DRUSEN/DRUSEN-538779-1.jpeg,D:\Keel\Project MSc - CSC-40098\3 - Experiments\Notebooks\Model_Training\Data_Kermany_OCT2017\test\DRUSEN\DRUSEN-538779-1.jpeg,DRUSEN,,0,,,,,16.0,100.0,0.9990903437137604
matched_correct_control,Correct in all 16 independent runs; matched to DRUSEN,DRUSEN/DRUSEN-5753467-1.jpeg,D:\Keel\Project MSc - CSC-40098\3 - Experiments\Notebooks\Model_Training\Data_Kermany_OCT2017\test\DRUSEN\DRUSEN-5753467-1.jpeg,DRUSEN,,0,,,,,16.0,100.0,0.9978661648929119
matched_correct_control,Correct in all 16 independent runs; matched to DRUSEN,DRUSEN/DRUSEN-7064008-1.jpeg,D:\Keel\Project MSc - CSC-40098\3 - Experiments\Notebooks\Model_Training\Data_Kermany_OCT2017\test\DRUSEN\DRUSEN-7064008-1.jpeg,DRUSEN,,0,,,,,16.0,100.0,0.9971396252512932
matched_correct_control,Correct in all 16 independent runs; matched to DRUSEN,DRUSEN/DRUSEN-732516-1.jpeg,D:\Keel\Project MSc - CSC-40098\3 - Experiments\Notebooks\Model_Training\Data_Kermany_OCT2017\test\DRUSEN\DRUSEN-732516-1.jpeg,DRUSEN,,0,,,,,16.0,100.0,0.9973320513963699
matched_correct_control,Correct in all 16 independent runs; matched to DRUSEN,DRUSEN/DRUSEN-732516-3.jpeg,D:\Keel\Project MSc - CSC-40098\3 - Experiments\Notebooks\Model_Training\Data_Kermany_OCT2017\test\DRUSEN\DRUSEN-732516-3.jpeg,DRUSEN,,0,,,,,16.0,100.0,0.9983709193766117
matched_correct_control,Correct in all 16 independent runs; matched to DRUSEN,DRUSEN/DRUSEN-7373858-1.jpeg,D:\Keel\Project MSc - CSC-40098\3 - Experiments\Notebooks\Model_Training\Data_Kermany_OCT2017\test\DRUSEN\DRUSEN-7373858-1.jpeg,DRUSEN,,0,,,,,16.0,100.0,0.9984345622360706
matched_correct_control,Correct in all 16 independent runs; matched to DRUSEN,DRUSEN/DRUSEN-8074563-2.jpeg,D:\Keel\Project MSc - CSC-40098\3 - Experiments\Notebooks\Model_Training\Data_Kermany_OCT2017\test\DRUSEN\DRUSEN-8074563-2.jpeg,DRUSEN,,0,,,,,16.0,100.0,0.9970609471201897
matched_correct_control,Correct in all 16 independent runs; matched to DRUSEN,DRUSEN/DRUSEN-8074563-3.jpeg,D:\Keel\Project MSc - CSC-40098\3 - Experiments\Notebooks\Model_Training\Data_Kermany_OCT2017\test\DRUSEN\DRUSEN-8074563-3.jpeg,DRUSEN,,0,,,,,16.0,100.0,0.9985253661870956
matched_correct_control,Correct in all 16 independent runs; matched to DRUSEN,DRUSEN/DRUSEN-8117834-1.jpeg,D:\Keel\Project MSc - CSC-40098\3 - Experiments\Notebooks\Model_Training\Data_Kermany_OCT2017\test\DRUSEN\DRUSEN-8117834-1.jpeg,DRUSEN,,0,,,,,16.0,100.0,0.9972869195044041
matched_correct_control,Correct in all 16 independent runs; matched to DRUSEN,DRUSEN/DRUSEN-8261063-2.jpeg,D:\Keel\Project MSc - CSC-40098\3 - Experiments\Notebooks\Model_Training\Data_Kermany_OCT2017\test\DRUSEN\DRUSEN-8261063-2.jpeg,DRUSEN,,0,,,,,16.0,100.0,0.9989328235387802
matched_correct_control,Correct in all 16 independent runs; matched to DRUSEN,DRUSEN/DRUSEN-8261063-6.jpeg,D:\Keel\Project MSc - CSC-40098\3 - Experiments\Notebooks\Model_Training\Data_Kermany_OCT2017\test\DRUSEN\DRUSEN-8261063-6.jpeg,DRUSEN,,0,,,,,16.0,100.0,0.997804120182991
matched_correct_control,Correct in all 16 independent runs; matched to DRUSEN,DRUSEN/DRUSEN-8261063-7.jpeg,D:\Keel\Project MSc - CSC-40098\3 - Experiments\Notebooks\Model_Training\Data_Kermany_OCT2017\test\DRUSEN\DRUSEN-8261063-7.jpeg,DRUSEN,,0,,,,,16.0,100.0,0.9974203743040562
matched_correct_control,Correct in all 16 independent runs; matched to DRUSEN,DRUSEN/DRUSEN-827677-1.jpeg,D:\Keel\Project MSc - CSC-40098\3 - Experiments\Notebooks\Model_Training\Data_Kermany_OCT2017\test\DRUSEN\DRUSEN-827677-1.jpeg,DRUSEN,,0,,,,,16.0,100.0,0.9988651499152184
matched_correct_control,Correct in all 16 independent runs; matched to DRUSEN,DRUSEN/DRUSEN-8281517-1.jpeg,D:\Keel\Project MSc - CSC-40098\3 - Experiments\Notebooks\Model_Training\Data_Kermany_OCT2017\test\DRUSEN\DRUSEN-8281517-1.jpeg,DRUSEN,,0,,,,,16.0,100.0,0.997231736779213
matched_correct_control,Correct in all 16 independent runs; matched to DRUSEN,DRUSEN/DRUSEN-8345703-2.jpeg,D:\Keel\Project MSc - CSC-40098\3 - Experiments\Notebooks\Model_Training\Data_Kermany_OCT2017\test\DRUSEN\DRUSEN-8345703-2.jpeg,DRUSEN,,0,,,,,16.0,100.0,0.9984837956726551
matched_correct_control,Correct in all 16 independent runs; matched to DRUSEN,DRUSEN/DRUSEN-8351260-1.jpeg,D:\Keel\Project MSc - CSC-40098\3 - Experiments\Notebooks\Model_Training\Data_Kermany_OCT2017\test\DRUSEN\DRUSEN-8351260-1.jpeg,DRUSEN,,0,,,,,16.0,100.0,0.9986935667693615
matched_correct_control,Correct in all 16 independent runs; matched to DRUSEN,DRUSEN/DRUSEN-8811857-1.jpeg,D:\Keel\Project MSc - CSC-40098\3 - Experiments\Notebooks\Model_Training\Data_Kermany_OCT2017\test\DRUSEN\DRUSEN-8811857-1.jpeg,DRUSEN,,0,,,,,16.0,100.0,0.999035008251667
matched_correct_control,Correct in all 16 independent runs; matched to DRUSEN,DRUSEN/DRUSEN-9049813-1.jpeg,D:\Keel\Project MSc - CSC-40098\3 - Experiments\Notebooks\Model_Training\Data_Kermany_OCT2017\test\DRUSEN\DRUSEN-9049813-1.jpeg,DRUSEN,,0,,,,,16.0,100.0,0.9972252584993839
matched_correct_control,Correct in all 16 independent runs; matched to DRUSEN,DRUSEN/DRUSEN-907869-1.jpeg,D:\Keel\Project MSc - CSC-40098\3 - Experiments\Notebooks\Model_Training\Data_Kermany_OCT2017\test\DRUSEN\DRUSEN-907869-1.jpeg,DRUSEN,,0,,,,,16.0,100.0,0.9991660751402378
matched_correct_control,Correct in all 16 independent runs; matched to DRUSEN,DRUSEN/DRUSEN-907869-2.jpeg,D:\Keel\Project MSc - CSC-40098\3 - Experiments\Notebooks\Model_Training\Data_Kermany_OCT2017\test\DRUSEN\DRUSEN-907869-2.jpeg,DRUSEN,,0,,,,,16.0,100.0,0.9989514537155628
matched_correct_control,Correct in all 16 independent runs; matched to DRUSEN,DRUSEN/DRUSEN-9225057-1.jpeg,D:\Keel\Project MSc - CSC-40098\3 - Experiments\Notebooks\Model_Training\Data_Kermany_OCT2017\test\DRUSEN\DRUSEN-9225057-1.jpeg,DRUSEN,,0,,,,,16.0,100.0,0.9991038925945759
matched_correct_control,Correct in all 16 independent runs; matched to DRUSEN,DRUSEN/DRUSEN-9225057-2.jpeg,D:\Keel\Project MSc - CSC-40098\3 - Experiments\Notebooks\Model_Training\Data_Kermany_OCT2017\test\DRUSEN\DRUSEN-9225057-2.jpeg,DRUSEN,,0,,,,,16.0,100.0,0.998250924050808
matched_correct_control,Correct in all 16 independent runs; matched to DRUSEN,DRUSEN/DRUSEN-956663-1.jpeg,D:\Keel\Project MSc - CSC-40098\3 - Experiments\Notebooks\Model_Training\Data_Kermany_OCT2017\test\DRUSEN\DRUSEN-956663-1.jpeg,DRUSEN,,0,,,,,16.0,100.0,0.9987959749996662
matched_correct_control,Correct in all 16 independent runs; matched to DRUSEN,DRUSEN/DRUSEN-9624303-1.jpeg,D:\Keel\Project MSc - CSC-40098\3 - Experiments\Notebooks\Model_Training\Data_Kermany_OCT2017\test\DRUSEN\DRUSEN-9624303-1.jpeg,DRUSEN,,0,,,,,16.0,100.0,0.9986691400408745
matched_correct_control,Correct in all 16 independent runs; matched to DRUSEN,DRUSEN/DRUSEN-9800172-1.jpeg,D:\Keel\Project MSc - CSC-40098\3 - Experiments\Notebooks\Model_Training\Data_Kermany_OCT2017\test\DRUSEN\DRUSEN-9800172-1.jpeg,DRUSEN,,0,,,,,16.0,100.0,0.9971093572676182
matched_correct_control,Correct in all 16 independent runs; matched to DRUSEN,DRUSEN/DRUSEN-987193-1.jpeg,D:\Keel\Project MSc - CSC-40098\3 - Experiments\Notebooks\Model_Training\Data_Kermany_OCT2017\test\DRUSEN\DRUSEN-987193-1.jpeg,DRUSEN,,0,,,,,16.0,100.0,0.998405460268259
matched_correct_control,Correct in all 16 independent runs; matched to NORMAL,NORMAL/NORMAL-3108564-1.jpeg,D:\Keel\Project MSc - CSC-40098\3 - Experiments\Notebooks\Model_Training\Data_Kermany_OCT2017\test\NORMAL\NORMAL-3108564-1.jpeg,NORMAL,,0,,,,,16.0,100.0,0.9991929568350315
matched_correct_control,Correct in all 16 independent runs; matched to NORMAL,NORMAL/NORMAL-3361750-1.jpeg,D:\Keel\Project MSc - CSC-40098\3 - Experiments\Notebooks\Model_Training\Data_Kermany_OCT2017\test\NORMAL\NORMAL-3361750-1.jpeg,NORMAL,,0,,,,,16.0,100.0,0.9989858716726303
matched_correct_control,Correct in all 16 independent runs; matched to NORMAL,NORMAL/NORMAL-443980-1.jpeg,D:\Keel\Project MSc - CSC-40098\3 - Experiments\Notebooks\Model_Training\Data_Kermany_OCT2017\test\NORMAL\NORMAL-443980-1.jpeg,NORMAL,,0,,,,,16.0,100.0,0.9990364760160446
matched_correct_control,Correct in all 16 independent runs; matched to NORMAL,NORMAL/NORMAL-447690-2.jpeg,D:\Keel\Project MSc - CSC-40098\3 - Experiments\Notebooks\Model_Training\Data_Kermany_OCT2017\test\NORMAL\NORMAL-447690-2.jpeg,NORMAL,,0,,,,,16.0,100.0,0.9989857822656631
