run_a,run_b,n_common,spearman_rho,jaccard_top10pct,same_architecture
se_resnet_S2_seed42,se_resnet_S4_seed42,241,1.0,1.0,True
vit_b16_S15_seed126,vit_b16_S16_seed3407,242,0.6005700155077749,0.21951219512195122,True
vit_b16_S12_seed42,vit_b16_S15_seed126,242,0.5475844830805223,0.28205128205128205,True
vit_b16_S12_seed42,vit_b16_S16_seed3407,242,0.49485127480852364,0.21951219512195122,True
vit_b16_S14_seed84,vit_b16_S15_seed126,242,0.45841160250816987,0.25,True
vit_b16_S12_seed42,vit_b16_S14_seed84,242,0.44932454601761784,0.19047619047619047,True
vit_b16_S14_seed84,vit_b16_S16_seed3407,242,0.4242072851402665,0.19047619047619047,True
se_resnet_S4_seed42,se_resnet_S6_seed126,241,0.39566544357189404,0.16279069767441862,True
se_resnet_S2_seed42,se_resnet_S6_seed126,241,0.39566544357189404,0.16279069767441862,True
se_resnet_S11_seed3407,se_resnet_S2_seed42,241,0.32871472171736227,0.2894736842105263,True
se_resnet_S11_seed3407,se_resnet_S4_seed42,241,0.32871472171736227,0.2894736842105263,True
cbam_resnet_S18_seed3407,cbam_resnet_S9_seed126,241,0.31683669970165634,0.08888888888888889,True
cbam_resnet_S9_seed126,se_resnet_S6_seed126,241,0.3084453550975618,0.13636363636363635,False
resnet_baseline_S3_seed84,se_resnet_S11_seed3407,241,0.2966899283289325,0.13953488372093023,False
cbam_resnet_S7_seed42,se_resnet_S6_seed126,239,0.29414225941422595,0.08888888888888889,False
cbam_resnet_S8_seed84,se_resnet_S6_seed126,241,0.2800864167895477,0.1111111111111111,False
resnet_baseline_S10_seed126,resnet_baseline_S17_seed3407,240,0.27351950554697124,0.06382978723404255,True
resnet_baseline_S3_seed84,se_resnet_S4_seed42,241,0.2722566098556291,0.19047619047619047,False
resnet_baseline_S3_seed84,se_resnet_S2_seed42,241,0.2722566098556291,0.19047619047619047,False
cbam_resnet_S7_seed42,cbam_resnet_S8_seed84,239,0.2713556133750571,0.06666666666666667,True
resnet_baseline_S17_seed3407,se_resnet_S6_seed126,240,0.26150974843313246,0.16666666666666666,False
cbam_resnet_S7_seed42,cbam_resnet_S9_seed126,239,0.25903625048345696,0.13953488372093023,True
se_resnet_S11_seed3407,se_resnet_S5_seed84,241,0.25423253660711226,0.1951219512195122,True
cbam_resnet_S7_seed42,resnet_baseline_S10_seed126,239,0.25007120002812844,0.06521739130434782,False
cbam_resnet_S18_seed3407,cbam_resnet_S8_seed84,241,0.24865402421041805,0.11363636363636363,True
cbam_resnet_S18_seed3407,cbam_resnet_S7_seed42,239,0.24411764705882347,0.09523809523809523,True
resnet_baseline_S1_seed42,se_resnet_S6_seed126,241,0.243246973697747,0.16279069767441862,False
resnet_baseline_S10_seed126,se_resnet_S11_seed3407,241,0.23913531771887112,0.11363636363636363,False
se_resnet_S11_seed3407,se_resnet_S6_seed126,241,0.23699204416858133,0.16666666666666666,True
cbam_resnet_S7_seed42,resnet_baseline_S17_seed3407,238,0.2342922657119625,0.02127659574468085,False
cbam_resnet_S7_seed42,se_resnet_S11_seed3407,239,0.23264389437783478,0.11627906976744186,False
resnet_baseline_S17_seed3407,se_resnet_S4_seed42,240,0.2286524071598465,0.16279069767441862,False
resnet_baseline_S17_seed3407,se_resnet_S2_seed42,240,0.2286524071598465,0.16279069767441862,False
resnet_baseline_S10_seed126,se_resnet_S6_seed126,241,0.22108895442543128,0.1111111111111111,False
cbam_resnet_S8_seed84,cbam_resnet_S9_seed126,241,0.21371437879359423,0.08695652173913043,True
resnet_baseline_S10_seed126,se_resnet_S5_seed84,241,0.20828246630773983,0.08695652173913043,False
resnet_baseline_S3_seed84,se_resnet_S6_seed126,241,0.20771235554336273,0.13636363636363635,False
cbam_resnet_S7_seed42,se_resnet_S5_seed84,239,0.20701364227699445,0.11627906976744186,False
cbam_resnet_S7_seed42,se_resnet_S4_seed42,239,0.20604233325129215,0.14285714285714285,False
cbam_resnet_S7_seed42,se_resnet_S2_seed42,239,0.20604233325129215,0.14285714285714285,False
resnet_baseline_S1_seed42,se_resnet_S11_seed3407,241,0.20531531840471867,0.06521739130434782,False
cbam_resnet_S8_seed84,resnet_baseline_S10_seed126,241,0.20291313740955388,0.041666666666666664,False
resnet_baseline_S10_seed126,resnet_baseline_S3_seed84,241,0.2006232639484243,0.06382978723404255,True
cbam_resnet_S7_seed42,resnet_baseline_S3_seed84,239,0.19004957631588199,0.175,False
cbam_resnet_S8_seed84,resnet_baseline_S17_seed3407,240,0.18961266688657785,0.041666666666666664,False
cbam_resnet_S9_seed126,resnet_baseline_S10_seed126,241,0.18859778471245844,0.041666666666666664,False
resnet_baseline_S3_seed84,se_resnet_S5_seed84,241,0.1867468536744282,0.16279069767441862,False
cbam_resnet_S18_seed3407,resnet_baseline_S3_seed84,241,0.18605414766297454,0.13953488372093023,False
cbam_resnet_S9_seed126,se_resnet_S11_seed3407,241,0.1825151743767361,0.08888888888888889,False
se_resnet_S5_seed84,se_resnet_S6_seed126,241,0.18088114262199514,0.08695652173913043,True
cbam_resnet_S18_seed3407,se_resnet_S4_seed42,241,0.18006584136346493,0.16666666666666666,False
cbam_resnet_S18_seed3407,se_resnet_S2_seed42,241,0.18006584136346493,0.16666666666666666,False
cbam_resnet_S18_seed3407,resnet_baseline_S10_seed126,241,0.17914852028394088,0.0425531914893617,False
cbam_resnet_S18_seed3407,se_resnet_S6_seed126,241,0.17716642090463292,0.16666666666666666,False
cbam_resnet_S18_seed3407,se_resnet_S5_seed84,241,0.1762379548026474,0.11363636363636363,False
cbam_resnet_S18_seed3407,se_resnet_S11_seed3407,242,0.1716833027030437,0.13636363636363635,False
cbam_resnet_S8_seed84,se_resnet_S4_seed42,241,0.16941891567504547,0.08695652173913043,False
cbam_resnet_S8_seed84,se_resnet_S2_seed42,241,0.16941891567504547,0.08695652173913043,False
cbam_resnet_S9_seed126,vit_b16_S14_seed84,241,0.1657787798772333,0.11363636363636363,False
resnet_baseline_S17_seed3407,vit_b16_S16_seed3407,240,0.16224587232417226,0.020833333333333332,False
cbam_resnet_S9_seed126,se_resnet_S5_seed84,241,0.16196118102945717,0.041666666666666664,False
cbam_resnet_S9_seed126,resnet_baseline_S3_seed84,241,0.16148194506361238,0.08695652173913043,False
se_resnet_S6_seed126,vit_b16_S14_seed84,241,0.1562412125784438,0.11363636363636363,False
cbam_resnet_S9_seed126,se_resnet_S4_seed42,241,0.15332550324062963,0.041666666666666664,False
cbam_resnet_S9_seed126,se_resnet_S2_seed42,241,0.15332550324062963,0.041666666666666664,False
cbam_resnet_S8_seed84,se_resnet_S11_seed3407,241,0.14908610815815646,0.11363636363636363,False
resnet_baseline_S17_seed3407,resnet_baseline_S3_seed84,240,0.14426552544315005,0.11363636363636363,True
resnet_baseline_S10_seed126,resnet_baseline_S1_seed42,241,0.14089108741126846,0.08695652173913043,True
resnet_baseline_S10_seed126,se_resnet_S4_seed42,241,0.139511676554302,0.08695652173913043,False
resnet_baseline_S10_seed126,se_resnet_S2_seed42,241,0.139511676554302,0.08695652173913043,False
cbam_resnet_S8_seed84,resnet_baseline_S1_seed42,241,0.136812009190357,0.13636363636363635,False
resnet_baseline_S1_seed42,se_resnet_S4_seed42,241,0.13660454031068894,0.16279069767441862,False
resnet_baseline_S1_seed42,se_resnet_S2_seed42,241,0.13660454031068894,0.16279069767441862,False
resnet_baseline_S17_seed3407,vit_b16_S12_seed42,240,0.13405441066685184,0.06521739130434782,False
cbam_resnet_S9_seed126,resnet_baseline_S17_seed3407,240,0.13293720377089877,0.13953488372093023,False
resnet_baseline_S17_seed3407,resnet_baseline_S1_seed42,240,0.12971666174759977,0.1111111111111111,True
se_resnet_S2_seed42,se_resnet_S5_seed84,241,0.12839837454133948,0.16279069767441862,True
se_resnet_S4_seed42,se_resnet_S5_seed84,241,0.12839837454133948,0.16279069767441862,True
se_resnet_S6_seed126,vit_b16_S12_seed42,241,0.12467507972977608,0.06382978723404255,False
cbam_resnet_S8_seed84,resnet_baseline_S3_seed84,241,0.12370203353794453,0.08695652173913043,False
cbam_resnet_S7_seed42,resnet_baseline_S1_seed42,239,0.12201047783129985,0.11363636363636363,False
resnet_baseline_S17_seed3407,se_resnet_S11_seed3407,240,0.11967134846091074,0.11363636363636363,False
cbam_resnet_S18_seed3407,resnet_baseline_S1_seed42,241,0.10769006549843971,0.0425531914893617,False
cbam_resnet_S18_seed3407,vit_b16_S15_seed126,242,0.10503755015260109,0.25,False
cbam_resnet_S18_seed3407,vit_b16_S12_seed42,242,0.10429751219390351,0.16279069767441862,False
resnet_baseline_S17_seed3407,vit_b16_S15_seed126,240,0.09699907984513617,0.16666666666666666,False
se_resnet_S6_seed126,vit_b16_S16_seed3407,241,0.09094081135763522,0.08695652173913043,False
resnet_baseline_S1_seed42,resnet_baseline_S3_seed84,241,0.08421607626624603,0.08695652173913043,True
cbam_resnet_S9_seed126,resnet_baseline_S1_seed42,241,0.08353280065841366,0.06382978723404255,False
cbam_resnet_S18_seed3407,vit_b16_S14_seed84,242,0.07594660719267786,0.13636363636363635,False
se_resnet_S6_seed126,vit_b16_S15_seed126,241,0.07292702582215975,0.16666666666666666,False
resnet_baseline_S17_seed3407,vit_b16_S14_seed84,240,0.072228684525773,0.11363636363636363,False
se_resnet_S4_seed42,vit_b16_S14_seed84,241,0.07218373855491925,0.08888888888888889,False
se_resnet_S2_seed42,vit_b16_S14_seed84,241,0.07218373855491925,0.08888888888888889,False
cbam_resnet_S9_seed126,vit_b16_S12_seed42,241,0.07115582456020027,0.1111111111111111,False
cbam_resnet_S8_seed84,se_resnet_S5_seed84,241,0.06819124858543947,0.06382978723404255,False
resnet_baseline_S1_seed42,se_resnet_S5_seed84,241,0.0632891533212167,0.08695652173913043,False
resnet_baseline_S17_seed3407,se_resnet_S5_seed84,240,0.06275369364051459,0.16279069767441862,False
se_resnet_S11_seed3407,vit_b16_S14_seed84,242,0.0602085230527328,0.1111111111111111,False
se_resnet_S11_seed3407,vit_b16_S12_seed42,242,0.056567604033968925,0.06382978723404255,False
se_resnet_S5_seed84,vit_b16_S12_seed42,241,0.054133088714378795,0.08695652173913043,False
cbam_resnet_S18_seed3407,resnet_baseline_S17_seed3407,240,0.05407559159013177,0.14285714285714285,False
cbam_resnet_S9_seed126,vit_b16_S16_seed3407,241,0.05380473920647441,0.08695652173913043,False
resnet_baseline_S3_seed84,vit_b16_S16_seed3407,241,0.043445869483213884,0.06382978723404255,False
cbam_resnet_S18_seed3407,vit_b16_S16_seed3407,242,0.03989896873085607,0.1111111111111111,False
cbam_resnet_S7_seed42,vit_b16_S16_seed3407,239,0.03525895713934109,0.06666666666666667,False
se_resnet_S2_seed42,vit_b16_S15_seed126,241,0.034385823531428966,0.16666666666666666,False
se_resnet_S4_seed42,vit_b16_S15_seed126,241,0.034385823531428966,0.16666666666666666,False
resnet_baseline_S3_seed84,vit_b16_S12_seed42,241,0.03207880388189706,0.13636363636363635,False
se_resnet_S11_seed3407,vit_b16_S15_seed126,242,0.026944070826882348,0.1111111111111111,False
resnet_baseline_S1_seed42,vit_b16_S12_seed42,241,0.026447995610575772,0.06382978723404255,False
resnet_baseline_S3_seed84,vit_b16_S14_seed84,241,0.026012482425156892,0.06521739130434782,False
cbam_resnet_S9_seed126,vit_b16_S15_seed126,241,0.024611638832687497,0.11363636363636363,False
resnet_baseline_S10_seed126,vit_b16_S15_seed126,241,0.022665546449024382,0.06521739130434782,False
cbam_resnet_S7_seed42,vit_b16_S12_seed42,239,0.017638268696599978,0.044444444444444446,False
resnet_baseline_S10_seed126,vit_b16_S16_seed3407,241,0.015216384897637259,0.06382978723404255,False
resnet_baseline_S1_seed42,vit_b16_S14_seed84,241,0.012680463632934399,0.020833333333333332,False
cbam_resnet_S8_seed84,vit_b16_S14_seed84,241,0.0004037927368745928,0.0425531914893617,False
cbam_resnet_S8_seed84,vit_b16_S12_seed42,241,-0.012661602825691851,0.08695652173913043,False
cbam_resnet_S7_seed42,vit_b16_S15_seed126,239,-0.016677507823212964,0.06818181818181818,False
resnet_baseline_S10_seed126,vit_b16_S12_seed42,241,-0.02102980007544323,0.06382978723404255,False
se_resnet_S2_seed42,vit_b16_S12_seed42,241,-0.023755186721991704,0.08695652173913043,False
se_resnet_S4_seed42,vit_b16_S12_seed42,241,-0.023755186721991704,0.08695652173913043,False
se_resnet_S2_seed42,vit_b16_S16_seed3407,241,-0.025505812557868386,0.06382978723404255,False
se_resnet_S4_seed42,vit_b16_S16_seed3407,241,-0.025505812557868386,0.06382978723404255,False
resnet_baseline_S3_seed84,vit_b16_S15_seed126,241,-0.02626195946641062,0.08888888888888889,False
cbam_resnet_S8_seed84,vit_b16_S15_seed126,241,-0.02936284763896986,0.06521739130434782,False
resnet_baseline_S1_seed42,vit_b16_S15_seed126,241,-0.034502417612564736,0.08888888888888889,False
se_resnet_S5_seed84,vit_b16_S16_seed3407,241,-0.03833459072048284,0.041666666666666664,False
se_resnet_S11_seed3407,vit_b16_S16_seed3407,242,-0.041327394401705984,0.08695652173913043,False
resnet_baseline_S10_seed126,vit_b16_S14_seed84,241,-0.04682966976441137,0.08888888888888889,False
cbam_resnet_S8_seed84,vit_b16_S16_seed3407,241,-0.05081358663969,0.1111111111111111,False
resnet_baseline_S1_seed42,vit_b16_S16_seed3407,241,-0.06058691402901135,0.041666666666666664,False
cbam_resnet_S7_seed42,vit_b16_S14_seed84,239,-0.08011761189831582,0.044444444444444446,False
se_resnet_S5_seed84,vit_b16_S14_seed84,241,-0.09192585988134838,0.06521739130434782,False
se_resnet_S5_seed84,vit_b16_S15_seed126,241,-0.13210023661739997,0.13953488372093023,False
