image_id,retfound_mahalanobis,retfound_percentile
CNV/CNV-1016042-1.jpeg,49.686317,47.107438016528924
CNV/CNV-1016042-2.jpeg,60.592525,79.75206611570248
CNV/CNV-1016042-3.jpeg,45.69717,33.16115702479338
CNV/CNV-1016042-4.jpeg,49.574944,46.69421487603306
CNV/CNV-103044-1.jpeg,50.596268,49.6900826446281
CNV/CNV-103044-10.jpeg,51.61505,53.925619834710744
CNV/CNV-103044-11.jpeg,47.454437,39.15289256198347
CNV/CNV-103044-12.jpeg,50.57648,49.586776859504134
CNV/CNV-103044-2.jpeg,57.43357,70.55785123966942
CNV/CNV-103044-3.jpeg,50.228687,48.86363636363637
CNV/CNV-103044-4.jpeg,47.62445,39.66942148760331
CNV/CNV-103044-5.jpeg,50.791054,50.72314049586777
CNV/CNV-103044-6.jpeg,56.271126,67.14876033057851
CNV/CNV-103044-7.jpeg,51.91423,55.061983471074385
CNV/CNV-103044-8.jpeg,46.743546,36.46694214876033
CNV/CNV-103044-9.jpeg,52.286243,56.30165289256198
CNV/CNV-1083927-1.jpeg,48.209106,41.83884297520662
CNV/CNV-1112835-1.jpeg,51.11362,51.85950413223141
CNV/CNV-1112835-2.jpeg,46.52127,35.64049586776859
CNV/CNV-1130960-1.jpeg,45.061146,32.438016528925615
CNV/CNV-1131664-1.jpeg,47.259815,38.32644628099173
CNV/CNV-1136126-1.jpeg,57.650276,71.38429752066115
CNV/CNV-1177084-1.jpeg,59.515232,76.34297520661157
CNV/CNV-1188386-1.jpeg,53.545437,59.400826446280995
CNV/CNV-1188386-2.jpeg,46.103336,34.19421487603306
CNV/CNV-1188386-3.jpeg,51.3893,53.20247933884298
CNV/CNV-1188386-4.jpeg,53.776497,60.12396694214877
CNV/CNV-1260317-1.jpeg,55.774113,66.01239669421489
CNV/CNV-1290410-1.jpeg,48.02553,41.425619834710744
CNV/CNV-1290410-2.jpeg,52.502937,57.02479338842975
CNV/CNV-1290410-3.jpeg,46.039246,34.090909090909086
CNV/CNV-1305450-1.jpeg,49.98891,47.93388429752066
CNV/CNV-1305450-2.jpeg,42.537724,29.028925619834713
CNV/CNV-1305450-3.jpeg,45.863285,33.78099173553719
CNV/CNV-1305450-4.jpeg,55.382866,64.87603305785123
CNV/CNV-137351-1.jpeg,54.181534,61.8801652892562
CNV/CNV-1415351-1.jpeg,47.922962,40.80578512396694
CNV/CNV-154835-1.jpeg,52.333466,56.40495867768595
CNV/CNV-154835-2.jpeg,51.209686,52.582644628099175
CNV/CNV-163081-1.jpeg,51.125374,52.066115702479344
CNV/CNV-163081-10.jpeg,46.134716,34.50413223140496
CNV/CNV-163081-2.jpeg,47.018116,37.29338842975206
CNV/CNV-163081-3.jpeg,53.97465,60.847107438016536
CNV/CNV-163081-4.jpeg,49.78371,47.417355371900825
CNV/CNV-163081-5.jpeg,52.76547,57.33471074380165
CNV/CNV-163081-6.jpeg,50.656006,49.79338842975206
CNV/CNV-163081-7.jpeg,49.15399,44.83471074380165
CNV/CNV-163081-8.jpeg,49.265987,45.14462809917356
CNV/CNV-163081-9.jpeg,50.895866,51.5495867768595
CNV/CNV-1632795-1.jpeg,49.09621,44.62809917355372
CNV/CNV-1641792-1.jpeg,45.63603,32.95454545454545
CNV/CNV-1641792-2.jpeg,51.351116,52.99586776859504
CNV/CNV-1699976-1.jpeg,56.406204,67.35537190082644
CNV/CNV-1699976-2.jpeg,55.69141,65.70247933884298
CNV/CNV-1699976-3.jpeg,61.021362,81.30165289256198
CNV/CNV-1699976-4.jpeg,54.489433,62.70661157024794
CNV/CNV-1699976-5.jpeg,59.02272,75.0
CNV/CNV-1704482-1.jpeg,46.83866,36.67355371900827
CNV/CNV-172472-1.jpeg,45.266285,32.64462809917356
CNV/CNV-172472-10.jpeg,47.023727,37.39669421487603
CNV/CNV-172472-11.jpeg,45.941288,33.98760330578512
CNV/CNV-172472-2.jpeg,51.26951,52.68595041322314
CNV/CNV-172472-3.jpeg,49.915485,47.83057851239669
CNV/CNV-172472-4.jpeg,48.73221,43.69834710743802
CNV/CNV-172472-5.jpeg,49.640255,47.00413223140496
CNV/CNV-172472-6.jpeg,54.281345,62.086776859504134
CNV/CNV-172472-7.jpeg,53.441494,59.19421487603306
CNV/CNV-172472-8.jpeg,55.564213,65.39256198347107
CNV/CNV-172472-9.jpeg,47.65145,39.77272727272727
CNV/CNV-1730592-1.jpeg,47.742016,39.87603305785124
CNV/CNV-1730592-2.jpeg,51.347862,52.892561983471076
CNV/CNV-1731375-1.jpeg,46.91453,36.98347107438016
CNV/CNV-1731375-2.jpeg,50.813995,51.03305785123967
CNV/CNV-1731375-3.jpeg,53.14871,58.574380165289256
CNV/CNV-1784116-1.jpeg,47.85061,40.392561983471076
CNV/CNV-1894770-1.jpeg,47.371162,38.84297520661157
CNV/CNV-1894770-2.jpeg,56.43105,67.4586776859504
CNV/CNV-1980926-1.jpeg,46.530704,35.74380165289256
CNV/CNV-198660-1.jpeg,52.275543,56.19834710743802
CNV/CNV-1997439-1.jpeg,50.864433,51.2396694214876
CNV/CNV-1997439-2.jpeg,44.354507,30.888429752066116
CNV/CNV-1997439-3.jpeg,57.420116,70.45454545454545
CNV/CNV-1997439-4.jpeg,48.061737,41.52892561983471
CNV/CNV-1997439-5.jpeg,54.721447,63.1198347107438
CNV/CNV-1997439-6.jpeg,50.372665,49.27685950413223
CNV/CNV-1997439-7.jpeg,52.350166,56.611570247933884
CNV/CNV-2025105-1.jpeg,55.474094,65.18595041322314
CNV/CNV-204397-1.jpeg,51.508324,53.40909090909091
CNV/CNV-2116022-1.jpeg,48.779438,44.111570247933884
CNV/CNV-2141150-1.jpeg,49.30016,45.24793388429752
CNV/CNV-2141150-2.jpeg,52.046364,55.371900826446286
CNV/CNV-2158821-1.jpeg,45.83767,33.574380165289256
CNV/CNV-2158821-2.jpeg,48.51543,42.768595041322314
CNV/CNV-2168793-1.jpeg,49.34654,45.557851239669425
CNV/CNV-2177326-1.jpeg,52.9485,57.95454545454546
CNV/CNV-218676-1.jpeg,51.35363,53.099173553719005
CNV/CNV-2192440-1.jpeg,48.31004,42.25206611570248
CNV/CNV-2192440-2.jpeg,50.148487,48.553719008264466
CNV/CNV-2350851-1.jpeg,46.919678,37.086776859504134
CNV/CNV-2438783-1.jpeg,46.448204,35.43388429752066
CNV/CNV-2438783-2.jpeg,50.12992,48.24380165289256
CNV/CNV-2541184-1.jpeg,49.829613,47.5206611570248
CNV/CNV-2632189-1.jpeg,46.220203,34.81404958677686
CNV/CNV-2692822-1.jpeg,50.23406,48.96694214876033
CNV/CNV-2725524-1.jpeg,48.454624,42.66528925619835
CNV/CNV-2725524-2.jpeg,47.796646,40.18595041322314
CNV/CNV-2760476-1.jpeg,50.081898,48.03719008264463
CNV/CNV-2959614-1.jpeg,46.107365,34.29752066115703
CNV/CNV-2959614-2.jpeg,48.74145,43.80165289256198
CNV/CNV-2959614-3.jpeg,68.24666,98.14049586776859
CNV/CNV-2959614-4.jpeg,47.905457,40.59917355371901
CNV/CNV-3030629-1.jpeg,58.9837,74.79338842975206
CNV/CNV-3080163-1.jpeg,49.1405,44.731404958677686
CNV/CNV-3080163-2.jpeg,50.86926,51.446280991735534
CNV/CNV-3119854-1.jpeg,51.944767,55.268595041322314
CNV/CNV-3163547-1.jpeg,53.03894,58.16115702479338
CNV/CNV-3200277-1.jpeg,55.038387,63.946280991735534
CNV/CNV-3200277-2.jpeg,64.83697,91.73553719008265
CNV/CNV-3213586-1.jpeg,59.75321,77.1694214876033
CNV/CNV-3241692-1.jpeg,54.356636,62.5
CNV/CNV-3241692-2.jpeg,44.24929,30.681818181818183
CNV/CNV-328435-1.jpeg,49.736202,47.31404958677686
CNV/CNV-3300060-1.jpeg,63.23945,87.29338842975206
CNV/CNV-338282-1.jpeg,44.82687,32.12809917355372
CNV/CNV-3424668-1.jpeg,55.078243,64.15289256198346
CNV/CNV-3432812-1.jpeg,56.690063,68.28512396694215
CNV/CNV-3459091-1.jpeg,47.985184,41.21900826446281
CNV/CNV-3541867-1.jpeg,48.006382,41.32231404958678
CNV/CNV-3616460-1.jpeg,52.220726,55.888429752066116
CNV/CNV-3618489-1.jpeg,52.180073,55.47520661157025
CNV/CNV-3618489-2.jpeg,58.1809,73.4504132231405
CNV/CNV-364469-1.jpeg,62.57578,85.43388429752066
CNV/CNV-364469-2.jpeg,56.655212,68.07851239669421
CNV/CNV-364469-3.jpeg,58.063683,72.8305785123967
CNV/CNV-3734032-1.jpeg,48.794964,44.31818181818182
CNV/CNV-375851-1.jpeg,52.340202,56.50826446280992
CNV/CNV-3847391-1.jpeg,47.760685,39.9793388429752
CNV/CNV-412653-1.jpeg,50.786232,50.6198347107438
CNV/CNV-417468-1.jpeg,63.65781,89.46280991735537
CNV/CNV-4244160-1.jpeg,51.134552,52.16942148760331
CNV/CNV-4244160-2.jpeg,45.01472,32.231404958677686
CNV/CNV-4244160-3.jpeg,49.390045,45.97107438016529
CNV/CNV-4274486-1.jpeg,57.45882,70.76446280991735
CNV/CNV-4283050-1.jpeg,63.3727,88.01652892561982
CNV/CNV-4283050-2.jpeg,59.71564,76.96280991735537
CNV/CNV-4464785-1.jpeg,51.044613,51.75619834710744
CNV/CNV-451136-1.jpeg,52.456463,56.81818181818182
CNV/CNV-451136-2.jpeg,59.039158,75.10330578512396
CNV/CNV-451136-3.jpeg,49.306454,45.45454545454545
CNV/CNV-451136-4.jpeg,52.848885,57.64462809917356
CNV/CNV-451136-5.jpeg,47.96174,41.11570247933884
CNV/CNV-451136-6.jpeg,55.58115,65.49586776859503
CNV/CNV-451136-7.jpeg,58.302437,73.65702479338843
CNV/CNV-457527-1.jpeg,50.451912,49.3801652892562
CNV/CNV-457907-1.jpeg,47.41491,39.0495867768595
CNV/CNV-460403-1.jpeg,45.844696,33.67768595041322
CNV/CNV-4643364-1.jpeg,44.75513,31.92148760330579
CNV/CNV-4674526-1.jpeg,53.96622,60.74380165289256
CNV/CNV-4740418-1.jpeg,47.16474,38.01652892561984
CNV/CNV-4775389-1.jpeg,45.38655,32.74793388429752
CNV/CNV-4884091-1.jpeg,49.41949,46.074380165289256
CNV/CNV-4907724-1.jpeg,53.155308,58.67768595041323
CNV/CNV-4974377-1.jpeg,47.794827,40.082644628099175
CNV/CNV-5054419-1.jpeg,49.546963,46.38429752066116
CNV/CNV-5054419-2.jpeg,48.786945,44.214876033057855
CNV/CNV-53018-1.jpeg,58.85416,74.58677685950413
CNV/CNV-53018-2.jpeg,64.602104,91.11570247933885
CNV/CNV-538779-1.jpeg,45.79183,33.367768595041326
CNV/CNV-538779-2.jpeg,50.659374,49.89669421487603
CNV/CNV-5409617-1.jpeg,49.379997,45.764462809917354
CNV/CNV-5429703-1.jpeg,43.1466,29.855371900826444
CNV/CNV-5429703-2.jpeg,48.28451,42.14876033057851
CNV/CNV-5431636-1.jpeg,55.697533,65.80578512396694
CNV/CNV-5431636-2.jpeg,47.931873,41.01239669421488
CNV/CNV-5457415-1.jpeg,49.300476,45.35123966942149
CNV/CNV-5536678-1.jpeg,50.708725,50.20661157024794
CNV/CNV-5536678-2.jpeg,48.140015,41.632231404958674
CNV/CNV-5557306-1.jpeg,52.492268,56.921487603305785
CNV/CNV-5594757-1.jpeg,46.7247,36.36363636363637
CNV/CNV-5594757-2.jpeg,49.838104,47.72727272727273
CNV/CNV-5603164-1.jpeg,57.768044,71.79752066115702
CNV/CNV-564246-1.jpeg,54.014595,61.15702479338842
CNV/CNV-5674369-1.jpeg,46.479774,35.53719008264463
CNV/CNV-5674369-2.jpeg,48.660225,43.18181818181818
CNV/CNV-5674369-3.jpeg,54.146152,61.77685950413223
CNV/CNV-5674369-4.jpeg,50.66349,50.0
CNV/CNV-5674369-5.jpeg,44.258442,30.785123966942145
CNV/CNV-5760454-1.jpeg,51.831463,54.75206611570248
CNV/CNV-5813701-1.jpeg,47.81838,40.289256198347104
CNV/CNV-5813701-2.jpeg,56.194195,66.83884297520662
CNV/CNV-5813701-3.jpeg,47.12841,37.70661157024794
CNV/CNV-5824631-1.jpeg,46.888165,36.8801652892562
CNV/CNV-5861916-1.jpeg,45.40318,32.85123966942149
CNV/CNV-5861916-2.jpeg,52.19125,55.68181818181818
CNV/CNV-5861916-3.jpeg,44.584446,31.301652892561982
CNV/CNV-5861916-4.jpeg,53.936768,60.537190082644635
CNV/CNV-5861916-5.jpeg,48.703495,43.595041322314046
CNV/CNV-5904584-1.jpeg,43.51194,30.061983471074385
CNV/CNV-5904584-2.jpeg,47.26358,38.53305785123967
CNV/CNV-5904584-3.jpeg,48.8752,44.421487603305785
CNV/CNV-5969175-1.jpeg,54.343147,62.29338842975206
CNV/CNV-5969175-2.jpeg,49.569965,46.590909090909086
CNV/CNV-6053140-1.jpeg,60.70434,80.37190082644628
CNV/CNV-6190971-1.jpeg,49.575912,46.79752066115703
CNV/CNV-6215140-1.jpeg,45.94056,33.88429752066116
CNV/CNV-6215140-2.jpeg,47.45568,39.35950413223141
CNV/CNV-624911-1.jpeg,53.147522,58.367768595041326
CNV/CNV-624911-2.jpeg,51.338406,52.78925619834711
CNV/CNV-624911-3.jpeg,50.121452,48.14049586776859
CNV/CNV-6256161-1.jpeg,57.803867,72.00413223140497
CNV/CNV-732516-1.jpeg,46.573563,35.9504132231405
CNV/CNV-732516-2.jpeg,47.918995,40.70247933884297
CNV/CNV-732516-3.jpeg,48.339573,42.35537190082644
CNV/CNV-732516-4.jpeg,53.95825,60.64049586776859
CNV/CNV-743852-1.jpeg,46.113895,34.40082644628099
CNV/CNV-776149-1.jpeg,48.769714,44.00826446280991
CNV/CNV-779442-1.jpeg,54.799816,63.42975206611571
CNV/CNV-779442-2.jpeg,59.10623,75.20661157024794
CNV/CNV-779442-3.jpeg,62.71235,85.74380165289256
CNV/CNV-781814-1.jpeg,54.110348,61.67355371900827
CNV/CNV-794538-1.jpeg,55.16246,64.25619834710744
CNV/CNV-794538-2.jpeg,50.80079,50.82644628099173
CNV/CNV-81630-1.jpeg,56.953365,68.69834710743802
CNV/CNV-81630-2.jpeg,47.28261,38.63636363636363
CNV/CNV-81630-3.jpeg,47.143196,37.8099173553719
CNV/CNV-81630-4.jpeg,49.559105,46.48760330578512
CNV/CNV-827677-1.jpeg,44.601406,31.40495867768595
CNV/CNV-830921-1.jpeg,63.168,86.98347107438018
CNV/CNV-865813-1.jpeg,48.76879,43.904958677685954
CNV/CNV-904464-1.jpeg,50.991978,51.652892561983464
CNV/CNV-904464-2.jpeg,48.97512,44.52479338842975
CNV/CNV-904464-3.jpeg,49.204514,44.938016528925615
CNV/CNV-904464-4.jpeg,51.191433,52.37603305785123
CNV/CNV-909994-1.jpeg,55.349705,64.77272727272727
CNV/CNV-933576-1.jpeg,47.4554,39.25619834710744
CNV/CNV-933576-2.jpeg,46.55128,35.84710743801653
CNV/CNV-933576-3.jpeg,51.797855,54.33884297520662
CNV/CNV-933576-4.jpeg,53.505726,59.29752066115702
CNV/CNV-954024-1.jpeg,49.59689,46.90082644628099
CNV/CNV-987193-1.jpeg,48.41491,42.561983471074385
CNV/CNV-987193-2.jpeg,52.1908,55.578512396694215
CNV/CNV-995513-1.jpeg,55.205315,64.35950413223141
DME/DME-1081406-1.jpeg,62.625153,85.64049586776859
DME/DME-1102486-1.jpeg,54.87892,63.7396694214876
DME/DME-1102486-2.jpeg,42.31098,28.92561983471074
DME/DME-1102486-3.jpeg,42.874725,29.545454545454547
DME/DME-1102486-4.jpeg,43.121315,29.75206611570248
DME/DME-11053-1.jpeg,37.965347,25.6198347107438
DME/DME-119840-1.jpeg,50.771534,50.51652892561983
DME/DME-1274315-1.jpeg,50.19886,48.760330578512395
DME/DME-1274315-2.jpeg,46.605835,36.053719008264466
DME/DME-138971-1.jpeg,40.29195,27.37603305785124
DME/DME-138971-2.jpeg,49.833946,47.62396694214876
DME/DME-1430899-1.jpeg,62.197044,84.71074380165288
DME/DME-1479682-1.jpeg,58.6713,74.17355371900827
DME/DME-15208-1.jpeg,58.134747,73.24380165289256
DME/DME-15208-2.jpeg,46.17376,34.710743801652896
DME/DME-2091157-1.jpeg,55.036606,63.84297520661158
DME/DME-2105194-1.jpeg,53.744762,59.917355371900825
DME/DME-2126962-1.jpeg,59.26866,75.41322314049587
DME/DME-2261889-1.jpeg,54.869183,63.63636363636363
DME/DME-2556938-1.jpeg,49.38292,45.867768595041326
DME/DME-2630113-1.jpeg,56.677315,68.18181818181817
DME/DME-2630665-1.jpeg,50.182476,48.65702479338843
DME/DME-269181-1.jpeg,46.161324,34.607438016528924
DME/DME-269181-2.jpeg,42.919804,29.64876033057851
DME/DME-269181-3.jpeg,56.203552,66.94214876033058
DME/DME-2716523-1.jpeg,58.11506,73.03719008264463
DME/DME-2763635-1.jpeg,50.758377,50.413223140495866
DME/DME-30521-1.jpeg,61.25794,82.12809917355372
DME/DME-30521-10.jpeg,64.31529,90.80578512396694
DME/DME-30521-11.jpeg,56.24046,67.04545454545455
DME/DME-30521-12.jpeg,70.14167,99.07024793388429
DME/DME-30521-13.jpeg,60.19833,78.30578512396694
DME/DME-30521-2.jpeg,39.688835,27.066115702479337
DME/DME-30521-3.jpeg,46.34619,35.12396694214876
DME/DME-30521-4.jpeg,55.420288,65.08264462809917
DME/DME-30521-5.jpeg,60.705986,80.47520661157024
DME/DME-30521-6.jpeg,60.91935,80.88842975206612
DME/DME-30521-7.jpeg,61.81812,83.67768595041323
DME/DME-30521-8.jpeg,57.04888,69.00826446280992
DME/DME-30521-9.jpeg,59.66475,76.75619834710744
DME/DME-306172-1.jpeg,56.654343,67.97520661157024
DME/DME-3064922-1.jpeg,57.45589,70.66115702479338
DME/DME-3157783-1.jpeg,46.42137,35.33057851239669
DME/DME-323904-1.jpeg,39.885975,27.16942148760331
DME/DME-323904-2.jpeg,60.01637,77.68595041322314
DME/DME-3288089-1.jpeg,51.202747,52.47933884297521
DME/DME-3475211-1.jpeg,52.373165,56.71487603305785
DME/DME-3722280-1.jpeg,57.05484,69.11157024793388
DME/DME-3731953-1.jpeg,53.14755,58.47107438016529
DME/DME-37503-1.jpeg,43.601097,30.37190082644628
DME/DME-3791742-1.jpeg,47.33732,38.739669421487605
DME/DME-3810791-1.jpeg,54.058662,61.46694214876033
DME/DME-3921035-1.jpeg,53.604755,59.50413223140496
DME/DME-4079773-1.jpeg,31.418455,22.107438016528928
DME/DME-4117019-1.jpeg,43.705463,30.57851239669421
DME/DME-4146088-1.jpeg,24.147055,11.673553719008265
DME/DME-4240465-1.jpeg,48.622177,43.078512396694215
DME/DME-4240465-2.jpeg,49.702644,47.210743801652896
DME/DME-4244491-1.jpeg,47.206738,38.1198347107438
DME/DME-4298019-1.jpeg,40.658787,27.685950413223143
DME/DME-4336607-1.jpeg,53.305744,59.09090909090909
DME/DME-4478609-1.jpeg,52.860058,57.74793388429752
DME/DME-4616882-1.jpeg,48.684834,43.388429752066116
DME/DME-462675-1.jpeg,61.54264,82.95454545454545
DME/DME-4634094-1.jpeg,56.917725,68.59504132231406
DME/DME-4634094-2.jpeg,59.475464,76.03305785123968
DME/DME-4658666-1.jpeg,39.400932,26.859504132231404
DME/DME-4732091-1.jpeg,50.80658,50.92975206611571
DME/DME-4732091-2.jpeg,52.655605,57.231404958677686
DME/DME-4804900-1.jpeg,42.61697,29.235537190082646
DME/DME-4897748-1.jpeg,50.74952,50.3099173553719
DME/DME-4940184-1.jpeg,55.33888,64.6694214876033
DME/DME-4989358-1.jpeg,53.264305,58.78099173553719
DME/DME-5014129-1.jpeg,51.12196,51.962809917355365
DME/DME-5014129-2.jpeg,42.28158,28.82231404958678
DME/DME-5071032-1.jpeg,55.607758,65.599173553719
DME/DME-5072525-1.jpeg,56.79642,68.38842975206612
DME/DME-5434248-1.jpeg,51.612297,53.82231404958677
DME/DME-5465575-1.jpeg,54.033287,61.36363636363637
DME/DME-5497895-1.jpeg,55.871902,66.21900826446281
DME/DME-563695-1.jpeg,47.92443,40.909090909090914
DME/DME-563695-2.jpeg,42.76475,29.44214876033058
DME/DME-5656004-1.jpeg,58.02263,72.62396694214877
DME/DME-5713682-1.jpeg,51.462074,53.30578512396694
DME/DME-57603-1.jpeg,52.59983,57.128099173553714
DME/DME-5760454-1.jpeg,35.473335,24.070247933884296
DME/DME-5768195-1.jpeg,51.860355,54.958677685950406
DME/DME-5796574-1.jpeg,60.11254,77.89256198347107
DME/DME-5796574-2.jpeg,52.225193,55.99173553719008
DME/DME-5802218-1.jpeg,56.58458,67.76859504132231
DME/DME-5834001-1.jpeg,46.325165,35.0206611570248
DME/DME-5843591-1.jpeg,41.391315,28.305785123966942
DME/DME-5864085-1.jpeg,44.751675,31.818181818181817
DME/DME-5912153-1.jpeg,48.261654,41.942148760330575
DME/DME-5975636-1.jpeg,29.816652,20.144628099173552
DME/DME-5981434-1.jpeg,28.975851,18.801652892561986
DME/DME-6090983-1.jpeg,44.759644,32.02479338842975
DME/DME-6151003-1.jpeg,34.893684,23.7603305785124
DME/DME-6296605-1.jpeg,46.968838,37.1900826446281
DME/DME-6314020-1.jpeg,50.561543,49.48347107438016
DME/DME-633268-1.jpeg,59.014523,74.89669421487604
DME/DME-6383847-1.jpeg,60.98987,81.19834710743802
DME/DME-6434323-1.jpeg,29.644115,19.52479338842975
DME/DME-671384-1.jpeg,43.455917,29.958677685950413
DME/DME-6716735-1.jpeg,48.69031,43.49173553719009
DME/DME-6716735-2.jpeg,36.797253,24.793388429752067
DME/DME-70266-1.jpeg,60.955418,80.99173553719008
DME/DME-70266-2.jpeg,57.18069,69.42148760330579
DME/DME-70266-3.jpeg,58.85158,74.48347107438018
DME/DME-7027665-1.jpeg,55.073235,64.0495867768595
DME/DME-7194085-1.jpeg,57.483536,70.86776859504133
DME/DME-7239304-1.jpeg,44.521698,31.09504132231405
DME/DME-7248535-1.jpeg,49.35518,45.66115702479338
DME/DME-7432714-1.jpeg,47.393864,38.946280991735534
DME/DME-7434518-1.jpeg,31.579378,22.210743801652892
DME/DME-7469235-1.jpeg,46.31501,34.917355371900825
DME/DME-7503514-1.jpeg,56.174313,66.63223140495867
DME/DME-7558688-1.jpeg,67.506195,96.79752066115702
DME/DME-7573590-1.jpeg,54.01612,61.2603305785124
DME/DME-7578162-1.jpeg,57.80887,72.10743801652893
DME/DME-7585263-1.jpeg,42.635113,29.338842975206614
DME/DME-7585263-2.jpeg,44.52251,31.198347107438018
DME/DME-7585263-3.jpeg,56.98439,68.80165289256198
DME/DME-7591008-1.jpeg,51.81507,54.64876033057852
DME/DME-7614088-1.jpeg,61.737453,83.26446280991735
DME/DME-7650134-1.jpeg,47.901855,40.49586776859504
DME/DME-7650134-2.jpeg,54.692734,62.913223140495866
DME/DME-7706610-1.jpeg,63.50595,88.32644628099173
DME/DME-7706610-2.jpeg,68.25189,98.24380165289256
DME/DME-7706610-3.jpeg,58.508747,74.07024793388429
DME/DME-7756213-1.jpeg,60.18119,78.20247933884298
DME/DME-7757895-1.jpeg,50.865437,51.34297520661158
DME/DME-7763916-1.jpeg,44.620567,31.508264462809915
DME/DME-7780589-1.jpeg,47.04643,37.5
DME/DME-778975-1.jpeg,40.852394,27.99586776859504
DME/DME-778975-2.jpeg,53.99459,61.053719008264466
DME/DME-7793366-1.jpeg,40.776234,27.789256198347108
DME/DME-7837305-1.jpeg,48.383343,42.45867768595041
DME/DME-7837305-2.jpeg,55.84482,66.11570247933885
DME/DME-7837305-3.jpeg,41.569084,28.512396694214875
DME/DME-7837305-4.jpeg,49.485817,46.17768595041322
DME/DME-7837305-5.jpeg,57.417225,70.24793388429752
DME/DME-7843891-1.jpeg,42.54417,29.132231404958674
DME/DME-7846574-1.jpeg,48.595966,42.97520661157025
DME/DME-7870558-1.jpeg,60.146873,78.099173553719
DME/DME-7870558-2.jpeg,54.73137,63.22314049586777
DME/DME-7870558-3.jpeg,43.649174,30.47520661157025
DME/DME-7870558-4.jpeg,38.443127,26.033057851239672
DME/DME-7907461-1.jpeg,41.878662,28.615702479338843
DME/DME-7918201-1.jpeg,51.81145,54.54545454545454
DME/DME-7918201-2.jpeg,54.690113,62.8099173553719
DME/DME-7928636-1.jpeg,46.85463,36.77685950413223
DME/DME-7928636-2.jpeg,47.163914,37.913223140495866
DME/DME-7934335-1.jpeg,64.147575,90.599173553719
DME/DME-7939555-1.jpeg,51.79648,54.23553719008265
DME/DME-7939555-2.jpeg,55.27548,64.56611570247934
DME/DME-7939555-3.jpeg,36.091343,24.380165289256198
DME/DME-7939555-4.jpeg,51.593998,53.71900826446281
DME/DME-7939555-5.jpeg,48.564487,42.87190082644628
DME/DME-7972888-1.jpeg,56.634525,67.87190082644628
DME/DME-7983936-1.jpeg,63.57862,88.7396694214876
DME/DME-7990001-1.jpeg,57.53933,70.97107438016529
DME/DME-8000885-1.jpeg,42.145443,28.719008264462808
DME/DME-8019418-1.jpeg,65.16701,92.56198347107438
DME/DME-8019418-2.jpeg,53.767418,60.02066115702479
DME/DME-8019418-3.jpeg,63.604385,89.0495867768595
DME/DME-8019418-4.jpeg,46.407032,35.22727272727273
DME/DME-8021831-1.jpeg,37.577785,25.206611570247933
DME/DME-8056259-1.jpeg,52.830524,57.541322314049594
DME/DME-8080050-1.jpeg,49.25421,45.04132231404959
DME/DME-8130267-1.jpeg,45.69585,33.057851239669425
DME/DME-8136649-1.jpeg,53.083496,58.26446280991735
DME/DME-8167779-1.jpeg,61.10942,81.50826446280992
DME/DME-8177380-1.jpeg,64.4816,91.01239669421489
DME/DME-8177380-2.jpeg,48.66592,43.285123966942145
DME/DME-8177380-3.jpeg,51.765827,54.132231404958674
DME/DME-8200056-1.jpeg,48.26266,42.04545454545455
DME/DME-8200056-2.jpeg,51.535793,53.51239669421488
DME/DME-8200056-3.jpeg,41.242165,28.202479338842974
DME/DME-8218042-1.jpeg,53.272522,58.88429752066116
DME/DME-8231523-1.jpeg,37.9791,25.723140495867767
DME/DME-82328-1.jpeg,61.255783,82.02479338842976
DME/DME-8366524-1.jpeg,33.71137,23.24380165289256
DME/DME-8366524-2.jpeg,35.84404,24.276859504132233
DME/DME-8426419-1.jpeg,57.013577,68.90495867768594
DME/DME-8426419-2.jpeg,57.271465,69.52479338842976
DME/DME-8457431-1.jpeg,57.5724,71.17768595041323
DME/DME-8469406-1.jpeg,53.674213,59.71074380165289
DME/DME-8472707-1.jpeg,43.584038,30.165289256198346
DME/DME-8477096-1.jpeg,59.347557,75.72314049586777
DME/DME-8525575-1.jpeg,39.306858,26.75619834710744
DME/DME-8525575-2.jpeg,47.62166,39.56611570247934
DME/DME-8525575-3.jpeg,63.652763,89.35950413223141
DME/DME-8525575-4.jpeg,51.835785,54.85537190082644
DME/DME-8525575-5.jpeg,57.617226,71.28099173553719
DME/DME-8525575-6.jpeg,53.626244,59.607438016528924
DME/DME-8525575-7.jpeg,51.68283,54.02892561983471
DME/DME-8525575-8.jpeg,53.73167,59.81404958677686
DME/DME-8589279-1.jpeg,52.810234,57.438016528925615
DME/DME-8602716-1.jpeg,53.900135,60.33057851239669
DME/DME-8602716-2.jpeg,45.080788,32.54132231404959
DME/DME-8602716-3.jpeg,48.185234,41.735537190082646
DME/DME-8602716-4.jpeg,44.74172,31.714876033057855
DME/DME-8615417-1.jpeg,50.234226,49.070247933884296
DME/DME-8615417-2.jpeg,65.98004,94.31818181818183
DME/DME-8635355-1.jpeg,56.31719,67.25206611570248
DME/DME-8635355-2.jpeg,38.42258,25.929752066115704
DME/DME-8729675-1.jpeg,57.709297,71.5909090909091
DME/DME-8729675-2.jpeg,38.719334,26.239669421487605
DME/DME-8732456-1.jpeg,50.139626,48.34710743801653
DME/DME-8766603-1.jpeg,36.201378,24.483471074380166
DME/DME-8807486-1.jpeg,40.97032,28.09917355371901
DME/DME-8847144-1.jpeg,39.56162,26.962809917355372
DME/DME-8851193-1.jpeg,58.05331,72.72727272727273
DME/DME-8861620-1.jpeg,46.690113,36.260330578512395
DME/DME-8861620-2.jpeg,40.583935,27.582644628099175
DME/DME-8861620-3.jpeg,50.855656,51.13636363636363
DME/DME-8889771-1.jpeg,47.50819,39.46280991735537
DME/DME-8889771-2.jpeg,45.80379,33.47107438016529
DME/DME-8889771-3.jpeg,44.463245,30.991735537190085
DME/DME-8889771-4.jpeg,47.215656,38.22314049586777
DME/DME-8908847-1.jpeg,45.72755,33.264462809917354
DME/DME-8989419-1.jpeg,46.817543,36.570247933884296
DME/DME-9066695-1.jpeg,55.5142,65.28925619834712
DME/DME-9109143-1.jpeg,62.886864,86.36363636363636
DME/DME-910956-1.jpeg,63.492188,88.22314049586777
DME/DME-9211360-1.jpeg,37.59864,25.3099173553719
DME/DME-9211360-2.jpeg,57.133003,69.21487603305785
DME/DME-9241179-1.jpeg,72.37025,99.58677685950413
DME/DME-9333524-1.jpeg,52.219418,55.78512396694215
DME/DME-9361825-1.jpeg,56.187828,66.73553719008265
DME/DME-9378346-1.jpeg,53.912113,60.433884297520656
DME/DME-9378346-2.jpeg,51.927185,55.16528925619835
DME/DME-9378346-3.jpeg,51.143116,52.27272727272727
DME/DME-9428363-1.jpeg,52.879967,57.85123966942148
DME/DME-9488073-1.jpeg,50.680424,50.103305785123965
DME/DME-9488073-2.jpeg,57.31663,69.73140495867769
DME/DME-9504297-1.jpeg,47.26066,38.429752066115704
DME/DME-9557298-1.jpeg,50.283455,49.17355371900827
DME/DME-9579219-1.jpeg,57.3592,70.14462809917356
DME/DME-98994-1.jpeg,54.715237,63.01652892561983
DME/DME-98994-2.jpeg,55.38665,64.97933884297521
DRUSEN/DRUSEN-1083159-1.jpeg,61.517593,82.85123966942149
DRUSEN/DRUSEN-1112835-1.jpeg,68.20119,98.03719008264463
DRUSEN/DRUSEN-1173253-1.jpeg,59.760994,77.37603305785123
DRUSEN/DRUSEN-1193659-1.jpeg,65.699066,93.38842975206612
DRUSEN/DRUSEN-1219727-1.jpeg,63.747192,89.77272727272727
DRUSEN/DRUSEN-1225603-1.jpeg,54.338005,62.1900826446281
DRUSEN/DRUSEN-1225603-2.jpeg,46.623318,36.15702479338843
DRUSEN/DRUSEN-1237848-1.jpeg,61.096405,81.40495867768594
DRUSEN/DRUSEN-1237848-2.jpeg,54.84543,63.53305785123967
DRUSEN/DRUSEN-1237848-3.jpeg,58.893345,74.69008264462809
DRUSEN/DRUSEN-1246453-1.jpeg,66.62938,95.76446280991735
DRUSEN/DRUSEN-1487749-1.jpeg,57.787716,71.900826446281
DRUSEN/DRUSEN-1487749-2.jpeg,52.95533,58.057851239669425
DRUSEN/DRUSEN-1487749-3.jpeg,56.55392,67.66528925619835
DRUSEN/DRUSEN-1487749-4.jpeg,49.510952,46.28099173553719
DRUSEN/DRUSEN-1530990-1.jpeg,63.61637,89.15289256198346
DRUSEN/DRUSEN-1730592-1.jpeg,65.4962,92.87190082644628
DRUSEN/DRUSEN-1786810-1.jpeg,65.96119,94.21487603305785
DRUSEN/DRUSEN-1786810-2.jpeg,67.54265,96.900826446281
DRUSEN/DRUSEN-1786810-3.jpeg,63.778004,89.97933884297521
DRUSEN/DRUSEN-1789270-1.jpeg,58.806507,74.3801652892562
DRUSEN/DRUSEN-1793499-1.jpeg,65.104744,92.4586776859504
DRUSEN/DRUSEN-1912508-1.jpeg,68.063354,97.8305785123967
DRUSEN/DRUSEN-1997439-1.jpeg,61.89738,83.88429752066115
DRUSEN/DRUSEN-1997439-2.jpeg,60.56506,79.64876033057851
DRUSEN/DRUSEN-1997439-3.jpeg,57.345657,70.0413223140496
DRUSEN/DRUSEN-1997439-4.jpeg,65.6096,93.07851239669421
DRUSEN/DRUSEN-2108193-1.jpeg,65.61815,93.18181818181817
DRUSEN/DRUSEN-2108193-2.jpeg,56.91037,68.49173553719008
DRUSEN/DRUSEN-2128644-1.jpeg,58.11693,73.14049586776859
DRUSEN/DRUSEN-2128644-2.jpeg,66.04907,94.62809917355372
DRUSEN/DRUSEN-2128644-3.jpeg,64.94118,92.14876033057851
DRUSEN/DRUSEN-2141150-1.jpeg,58.101555,72.93388429752066
DRUSEN/DRUSEN-2156263-1.jpeg,60.272373,78.61570247933885
DRUSEN/DRUSEN-2173657-1.jpeg,57.759914,71.69421487603306
DRUSEN/DRUSEN-2180220-1.jpeg,66.83263,96.07438016528926
DRUSEN/DRUSEN-2185112-1.jpeg,65.23355,92.66528925619835
DRUSEN/DRUSEN-2185112-2.jpeg,61.3515,82.33471074380165
DRUSEN/DRUSEN-2232211-1.jpeg,63.241444,87.39669421487604
DRUSEN/DRUSEN-2253582-1.jpeg,66.979004,96.28099173553719
DRUSEN/DRUSEN-2257047-1.jpeg,60.60726,79.85537190082644
DRUSEN/DRUSEN-2257047-2.jpeg,63.29496,87.60330578512396
DRUSEN/DRUSEN-2257047-3.jpeg,62.943356,86.57024793388429
DRUSEN/DRUSEN-2257047-4.jpeg,61.157776,81.71487603305785
DRUSEN/DRUSEN-2257047-5.jpeg,61.882053,83.78099173553719
DRUSEN/DRUSEN-2257047-6.jpeg,69.528786,98.86363636363636
DRUSEN/DRUSEN-2257047-7.jpeg,51.536835,53.61570247933884
DRUSEN/DRUSEN-2257047-8.jpeg,62.573196,85.3305785123967
DRUSEN/DRUSEN-228939-1.jpeg,56.076473,66.52892561983471
DRUSEN/DRUSEN-228939-2.jpeg,53.97734,60.9504132231405
DRUSEN/DRUSEN-2308158-1.jpeg,38.497585,26.136363636363637
DRUSEN/DRUSEN-2403178-1.jpeg,44.68524,31.611570247933884
DRUSEN/DRUSEN-2403178-2.jpeg,61.221935,81.81818181818183
DRUSEN/DRUSEN-2403178-3.jpeg,62.36175,85.02066115702479
DRUSEN/DRUSEN-2403178-4.jpeg,74.14083,99.79338842975206
DRUSEN/DRUSEN-2403178-5.jpeg,67.44831,96.69421487603306
DRUSEN/DRUSEN-2403178-6.jpeg,63.554943,88.53305785123968
DRUSEN/DRUSEN-2443068-1.jpeg,53.855015,60.22727272727273
DRUSEN/DRUSEN-2489093-1.jpeg,66.68635,95.86776859504133
DRUSEN/DRUSEN-2489093-2.jpeg,66.555214,95.55785123966942
DRUSEN/DRUSEN-2510299-1.jpeg,56.053085,66.42561983471074
DRUSEN/DRUSEN-2510299-2.jpeg,65.762505,93.69834710743802
DRUSEN/DRUSEN-2541184-1.jpeg,65.98838,94.42148760330579
DRUSEN/DRUSEN-2785977-1.jpeg,61.629395,83.05785123966942
DRUSEN/DRUSEN-2951435-1.jpeg,61.224533,81.92148760330579
DRUSEN/DRUSEN-3017923-1.jpeg,63.30553,87.70661157024794
DRUSEN/DRUSEN-303435-1.jpeg,66.0588,94.73140495867769
DRUSEN/DRUSEN-3214955-1.jpeg,66.7576,95.97107438016529
DRUSEN/DRUSEN-3241692-1.jpeg,68.02864,97.72727272727273
DRUSEN/DRUSEN-3276918-1.jpeg,56.470905,67.56198347107438
DRUSEN/DRUSEN-3276918-2.jpeg,52.248623,56.09504132231405
DRUSEN/DRUSEN-3317878-1.jpeg,60.323982,78.92561983471074
DRUSEN/DRUSEN-3424668-1.jpeg,60.37587,79.13223140495867
DRUSEN/DRUSEN-3424668-2.jpeg,59.34991,75.82644628099173
DRUSEN/DRUSEN-3424668-3.jpeg,61.781864,83.57438016528926
DRUSEN/DRUSEN-3424668-4.jpeg,63.26898,87.5
DRUSEN/DRUSEN-3439251-1.jpeg,60.13752,77.99586776859503
DRUSEN/DRUSEN-3439251-2.jpeg,72.45119,99.69008264462809
DRUSEN/DRUSEN-3482415-1.jpeg,61.478577,82.74793388429752
DRUSEN/DRUSEN-349021-1.jpeg,64.84873,91.83884297520662
DRUSEN/DRUSEN-349021-2.jpeg,65.92417,94.00826446280992
DRUSEN/DRUSEN-3571629-1.jpeg,60.848293,80.78512396694215
DRUSEN/DRUSEN-364469-1.jpeg,64.13689,90.49586776859503
DRUSEN/DRUSEN-364469-2.jpeg,61.11996,81.61157024793388
DRUSEN/DRUSEN-364469-3.jpeg,62.46282,85.22727272727273
DRUSEN/DRUSEN-364469-4.jpeg,59.734398,77.06611570247934
DRUSEN/DRUSEN-4240777-1.jpeg,63.682312,89.56611570247934
DRUSEN/DRUSEN-4291972-1.jpeg,60.31189,78.71900826446281
DRUSEN/DRUSEN-4293095-1.jpeg,55.71906,65.9090909090909
DRUSEN/DRUSEN-4293095-2.jpeg,63.235638,87.19008264462809
DRUSEN/DRUSEN-4304015-1.jpeg,63.015003,86.77685950413223
DRUSEN/DRUSEN-4314625-1.jpeg,57.910873,72.31404958677686
DRUSEN/DRUSEN-4343867-1.jpeg,60.24818,78.51239669421489
DRUSEN/DRUSEN-4343867-2.jpeg,67.16733,96.48760330578511
DRUSEN/DRUSEN-4379246-1.jpeg,65.70668,93.59504132231406
DRUSEN/DRUSEN-4379246-2.jpeg,69.20199,98.7603305785124
DRUSEN/DRUSEN-457907-1.jpeg,65.80622,93.80165289256198
DRUSEN/DRUSEN-4666680-1.jpeg,60.343052,79.02892561983471
DRUSEN/DRUSEN-4666680-2.jpeg,62.762177,86.05371900826447
DRUSEN/DRUSEN-4696998-1.jpeg,57.663956,71.48760330578511
DRUSEN/DRUSEN-4878077-1.jpeg,67.77072,97.41735537190083
DRUSEN/DRUSEN-4878077-2.jpeg,64.91457,92.04545454545455
DRUSEN/DRUSEN-4878077-3.jpeg,63.60014,88.94628099173553
DRUSEN/DRUSEN-4878077-4.jpeg,62.369225,85.12396694214877
DRUSEN/DRUSEN-4878077-5.jpeg,76.47904,100.0
DRUSEN/DRUSEN-4878077-6.jpeg,69.528915,98.96694214876032
DRUSEN/DRUSEN-4904794-1.jpeg,58.502987,73.96694214876032
DRUSEN/DRUSEN-4951152-1.jpeg,66.03714,94.52479338842976
DRUSEN/DRUSEN-4973287-1.jpeg,66.25563,95.14462809917356
DRUSEN/DRUSEN-5094722-1.jpeg,66.42576,95.35123966942149
DRUSEN/DRUSEN-525301-1.jpeg,60.380116,79.23553719008265
DRUSEN/DRUSEN-5331157-1.jpeg,67.74422,97.31404958677686
DRUSEN/DRUSEN-538779-1.jpeg,47.074333,37.60330578512397
DRUSEN/DRUSEN-5443411-1.jpeg,61.390114,82.64462809917356
DRUSEN/DRUSEN-5477211-1.jpeg,64.75186,91.42561983471074
DRUSEN/DRUSEN-5477211-2.jpeg,64.05374,90.18595041322314
DRUSEN/DRUSEN-5710007-1.jpeg,65.480515,92.76859504132231
DRUSEN/DRUSEN-5710007-2.jpeg,67.88098,97.62396694214877
DRUSEN/DRUSEN-5753467-1.jpeg,59.332226,75.6198347107438
DRUSEN/DRUSEN-5801431-1.jpeg,63.490093,88.1198347107438
DRUSEN/DRUSEN-584218-1.jpeg,64.7614,91.52892561983471
DRUSEN/DRUSEN-5864720-1.jpeg,63.776737,89.87603305785123
DRUSEN/DRUSEN-5864720-2.jpeg,62.007195,84.29752066115702
DRUSEN/DRUSEN-5929729-1.jpeg,61.369267,82.5413223140496
DRUSEN/DRUSEN-609387-1.jpeg,57.17583,69.31818181818183
DRUSEN/DRUSEN-609387-2.jpeg,57.29612,69.62809917355372
DRUSEN/DRUSEN-609387-3.jpeg,66.59759,95.66115702479338
DRUSEN/DRUSEN-6190971-1.jpeg,59.75614,77.27272727272727
DRUSEN/DRUSEN-6190971-2.jpeg,61.25866,82.23140495867769
DRUSEN/DRUSEN-6193297-1.jpeg,61.352844,82.43801652892562
DRUSEN/DRUSEN-6193297-2.jpeg,63.31804,87.80991735537191
DRUSEN/DRUSEN-6193297-3.jpeg,60.015976,77.58264462809917
DRUSEN/DRUSEN-6193297-4.jpeg,63.71286,89.6694214876033
DRUSEN/DRUSEN-6193297-5.jpeg,59.312477,75.51652892561982
DRUSEN/DRUSEN-6264369-1.jpeg,57.341152,69.93801652892562
DRUSEN/DRUSEN-7064008-1.jpeg,59.489918,76.2396694214876
DRUSEN/DRUSEN-7199590-1.jpeg,59.48777,76.13636363636364
DRUSEN/DRUSEN-732516-1.jpeg,65.94435,94.11157024793388
DRUSEN/DRUSEN-732516-2.jpeg,63.527065,88.42975206611571
DRUSEN/DRUSEN-732516-3.jpeg,61.94625,83.98760330578511
DRUSEN/DRUSEN-7345121-1.jpeg,50.145576,48.4504132231405
DRUSEN/DRUSEN-7350225-1.jpeg,58.69807,74.27685950413223
DRUSEN/DRUSEN-7373858-1.jpeg,68.1208,97.93388429752066
DRUSEN/DRUSEN-7393104-1.jpeg,63.83349,90.08264462809917
DRUSEN/DRUSEN-7513011-1.jpeg,62.624252,85.53719008264463
DRUSEN/DRUSEN-7555604-1.jpeg,60.765244,80.68181818181817
DRUSEN/DRUSEN-7555604-2.jpeg,69.14466,98.65702479338843
DRUSEN/DRUSEN-7557808-1.jpeg,64.07746,90.28925619834712
DRUSEN/DRUSEN-7563760-1.jpeg,62.06232,84.50413223140497
DRUSEN/DRUSEN-7675318-1.jpeg,62.927444,86.46694214876032
DRUSEN/DRUSEN-7675318-2.jpeg,63.568493,88.63636363636364
DRUSEN/DRUSEN-7710023-1.jpeg,60.47377,79.33884297520662
DRUSEN/DRUSEN-7710023-2.jpeg,59.607338,76.5495867768595
DRUSEN/DRUSEN-7763772-1.jpeg,59.518497,76.44628099173553
DRUSEN/DRUSEN-781814-1.jpeg,63.595055,88.84297520661157
DRUSEN/DRUSEN-783692-1.jpeg,60.549908,79.54545454545455
DRUSEN/DRUSEN-7915033-1.jpeg,65.91216,93.90495867768594
DRUSEN/DRUSEN-7915033-2.jpeg,62.029427,84.400826446281
DRUSEN/DRUSEN-7915033-3.jpeg,62.738274,85.9504132231405
DRUSEN/DRUSEN-8023853-1.jpeg,60.6319,80.06198347107438
DRUSEN/DRUSEN-8039905-1.jpeg,58.148304,73.34710743801654
DRUSEN/DRUSEN-8074563-1.jpeg,57.881046,72.21074380165288
DRUSEN/DRUSEN-8074563-2.jpeg,65.64773,93.28512396694215
DRUSEN/DRUSEN-8074563-3.jpeg,64.115486,90.39256198347107
DRUSEN/DRUSEN-8086850-1.jpeg,61.748764,83.36776859504133
DRUSEN/DRUSEN-8086850-2.jpeg,63.06347,86.8801652892562
DRUSEN/DRUSEN-8086850-3.jpeg,65.70285,93.49173553719008
DRUSEN/DRUSEN-8086850-4.jpeg,62.299183,84.91735537190083
DRUSEN/DRUSEN-8086850-5.jpeg,64.86582,91.94214876033058
DRUSEN/DRUSEN-8086850-6.jpeg,59.69421,76.85950413223141
DRUSEN/DRUSEN-8086850-7.jpeg,62.879646,86.2603305785124
DRUSEN/DRUSEN-8086850-8.jpeg,54.086006,61.57024793388429
DRUSEN/DRUSEN-8117834-1.jpeg,60.645496,80.16528925619835
DRUSEN/DRUSEN-8213975-1.jpeg,72.04578,99.48347107438018
DRUSEN/DRUSEN-8251771-1.jpeg,67.64658,97.21074380165288
DRUSEN/DRUSEN-8261063-1.jpeg,64.33166,90.9090909090909
DRUSEN/DRUSEN-8261063-2.jpeg,74.87199,99.89669421487604
DRUSEN/DRUSEN-8261063-3.jpeg,58.29188,73.55371900826447
DRUSEN/DRUSEN-8261063-4.jpeg,70.68129,99.27685950413223
DRUSEN/DRUSEN-8261063-5.jpeg,70.28282,99.17355371900827
DRUSEN/DRUSEN-8261063-6.jpeg,68.99265,98.55371900826447
DRUSEN/DRUSEN-8261063-7.jpeg,63.625282,89.25619834710744
DRUSEN/DRUSEN-827677-1.jpeg,65.08576,92.35537190082644
DRUSEN/DRUSEN-8281517-1.jpeg,66.35461,95.24793388429752
DRUSEN/DRUSEN-8292670-1.jpeg,59.9133,77.47933884297521
DRUSEN/DRUSEN-8319985-1.jpeg,57.32309,69.83471074380165
DRUSEN/DRUSEN-8339642-1.jpeg,31.788187,22.417355371900825
DRUSEN/DRUSEN-8345703-1.jpeg,37.399014,25.10330578512397
DRUSEN/DRUSEN-8345703-2.jpeg,54.37776,62.603305785123965
DRUSEN/DRUSEN-8351260-1.jpeg,51.801662,54.442148760330575
DRUSEN/DRUSEN-8351260-2.jpeg,64.64984,91.32231404958677
DRUSEN/DRUSEN-8389446-1.jpeg,57.937992,72.41735537190083
DRUSEN/DRUSEN-8389446-2.jpeg,60.733128,80.57851239669421
DRUSEN/DRUSEN-8389446-3.jpeg,59.646378,76.65289256198346
DRUSEN/DRUSEN-8440718-1.jpeg,64.632195,91.21900826446281
DRUSEN/DRUSEN-8440718-2.jpeg,59.199,75.30991735537191
DRUSEN/DRUSEN-8440718-3.jpeg,66.901,96.17768595041323
DRUSEN/DRUSEN-8440718-4.jpeg,68.49377,98.34710743801654
DRUSEN/DRUSEN-8440718-5.jpeg,66.21019,95.0413223140496
DRUSEN/DRUSEN-8549730-1.jpeg,60.312363,78.82231404958677
DRUSEN/DRUSEN-8549730-2.jpeg,60.976658,81.09504132231406
DRUSEN/DRUSEN-8549730-3.jpeg,65.01871,92.25206611570248
DRUSEN/DRUSEN-8549730-4.jpeg,60.50443,79.44214876033058
DRUSEN/DRUSEN-8549730-5.jpeg,67.62823,97.10743801652893
DRUSEN/DRUSEN-8549730-6.jpeg,66.508965,95.45454545454545
DRUSEN/DRUSEN-8549730-7.jpeg,66.09587,94.83471074380165
DRUSEN/DRUSEN-8577392-1.jpeg,61.654057,83.16115702479338
DRUSEN/DRUSEN-8605472-1.jpeg,60.664127,80.26859504132231
DRUSEN/DRUSEN-8656509-1.jpeg,71.835915,99.3801652892562
DRUSEN/DRUSEN-8708331-1.jpeg,62.08488,84.60743801652893
DRUSEN/DRUSEN-8811857-1.jpeg,54.793636,63.32644628099173
DRUSEN/DRUSEN-8811857-2.jpeg,58.34476,73.86363636363636
DRUSEN/DRUSEN-8854406-1.jpeg,67.04707,96.38429752066115
DRUSEN/DRUSEN-8854406-2.jpeg,62.999256,86.67355371900827
DRUSEN/DRUSEN-8870525-1.jpeg,67.806496,97.52066115702479
DRUSEN/DRUSEN-8870525-2.jpeg,59.416534,75.92975206611571
DRUSEN/DRUSEN-8870525-3.jpeg,57.94858,72.52066115702479
DRUSEN/DRUSEN-9049813-1.jpeg,60.100616,77.78925619834712
DRUSEN/DRUSEN-9059831-1.jpeg,68.757,98.4504132231405
DRUSEN/DRUSEN-9059831-2.jpeg,64.2636,90.70247933884298
DRUSEN/DRUSEN-907869-1.jpeg,60.247307,78.4090909090909
DRUSEN/DRUSEN-907869-2.jpeg,57.41771,70.35123966942149
DRUSEN/DRUSEN-9087597-1.jpeg,57.539757,71.07438016528926
DRUSEN/DRUSEN-9087597-2.jpeg,62.820408,86.15702479338843
DRUSEN/DRUSEN-9155039-1.jpeg,56.04232,66.32231404958677
DRUSEN/DRUSEN-9201573-1.jpeg,54.35568,62.396694214876035
DRUSEN/DRUSEN-9225057-1.jpeg,43.585335,30.268595041322317
DRUSEN/DRUSEN-9225057-2.jpeg,53.281048,58.98760330578512
DRUSEN/DRUSEN-9280370-1.jpeg,67.25795,96.5909090909091
DRUSEN/DRUSEN-9442692-1.jpeg,65.5913,92.97520661157024
DRUSEN/DRUSEN-9504181-1.jpeg,63.206642,87.08677685950413
DRUSEN/DRUSEN-9504181-2.jpeg,64.77369,91.63223140495867
DRUSEN/DRUSEN-95633-1.jpeg,62.73032,85.84710743801654
DRUSEN/DRUSEN-956663-1.jpeg,67.61868,97.00413223140497
DRUSEN/DRUSEN-9624303-1.jpeg,58.315758,73.7603305785124
DRUSEN/DRUSEN-9624303-2.jpeg,60.621784,79.9586776859504
DRUSEN/DRUSEN-9642260-1.jpeg,61.964237,84.0909090909091
DRUSEN/DRUSEN-9689334-1.jpeg,62.247166,84.81404958677686
DRUSEN/DRUSEN-9734808-1.jpeg,61.774303,83.47107438016529
DRUSEN/DRUSEN-9734808-2.jpeg,61.99156,84.19421487603306
DRUSEN/DRUSEN-9800172-1.jpeg,54.207844,61.98347107438017
DRUSEN/DRUSEN-987193-1.jpeg,66.16375,94.93801652892562
NORMAL/NORMAL-1017237-1.jpeg,25.561655,13.739669421487601
NORMAL/NORMAL-101880-1.jpeg,25.690508,14.049586776859504
NORMAL/NORMAL-1025847-1.jpeg,31.289286,21.90082644628099
NORMAL/NORMAL-1038998-1.jpeg,28.254086,17.97520661157025
NORMAL/NORMAL-1042462-1.jpeg,30.002592,20.454545454545457
NORMAL/NORMAL-1058176-1.jpeg,27.916294,17.665289256198346
NORMAL/NORMAL-1063128-1.jpeg,21.708206,5.268595041322314
NORMAL/NORMAL-1073137-1.jpeg,29.959236,20.351239669421485
NORMAL/NORMAL-1081406-1.jpeg,63.3724,87.91322314049587
NORMAL/NORMAL-112928-1.jpeg,19.44815,1.6528925619834711
NORMAL/NORMAL-119840-1.jpeg,21.300262,4.132231404958678
NORMAL/NORMAL-12494-1.jpeg,38.13912,25.826446280991732
NORMAL/NORMAL-12494-2.jpeg,19.989096,2.7892561983471076
NORMAL/NORMAL-12494-3.jpeg,19.33861,1.5495867768595042
NORMAL/NORMAL-12494-4.jpeg,19.267412,1.2396694214876034
NORMAL/NORMAL-12494-5.jpeg,23.675112,9.917355371900827
NORMAL/NORMAL-133321-1.jpeg,23.671885,9.81404958677686
NORMAL/NORMAL-138971-1.jpeg,37.843376,25.516528925619834
NORMAL/NORMAL-15208-1.jpeg,30.676733,21.17768595041322
NORMAL/NORMAL-15307-1.jpeg,40.81304,27.892561983471076
NORMAL/NORMAL-153950-1.jpeg,17.213966,0.10330578512396695
NORMAL/NORMAL-1746717-1.jpeg,25.791168,14.359504132231404
NORMAL/NORMAL-1759350-1.jpeg,28.133575,17.768595041322314
NORMAL/NORMAL-1781140-1.jpeg,37.679214,25.413223140495866
NORMAL/NORMAL-1791409-1.jpeg,21.343906,4.338842975206612
NORMAL/NORMAL-1831654-1.jpeg,22.171719,6.198347107438017
NORMAL/NORMAL-1853526-1.jpeg,21.088726,3.8223140495867765
NORMAL/NORMAL-1860310-1.jpeg,22.64083,7.644628099173553
NORMAL/NORMAL-1897894-1.jpeg,23.68398,10.020661157024794
NORMAL/NORMAL-1907560-1.jpeg,26.275534,15.392561983471072
NORMAL/NORMAL-1908313-1.jpeg,21.702667,5.1652892561983474
NORMAL/NORMAL-1951042-1.jpeg,20.045708,2.8925619834710745
NORMAL/NORMAL-1957379-1.jpeg,22.614204,7.541322314049586
NORMAL/NORMAL-197082-1.jpeg,23.473843,9.297520661157025
NORMAL/NORMAL-1983894-1.jpeg,23.890804,10.640495867768596
NORMAL/NORMAL-1988065-1.jpeg,21.748903,5.371900826446281
NORMAL/NORMAL-1989796-1.jpeg,38.84283,26.446280991735538
NORMAL/NORMAL-1998191-1.jpeg,21.698095,5.06198347107438
NORMAL/NORMAL-2010714-1.jpeg,21.970215,5.578512396694215
NORMAL/NORMAL-2011412-1.jpeg,36.551903,24.586776859504134
NORMAL/NORMAL-2019006-1.jpeg,28.297129,18.078512396694215
NORMAL/NORMAL-2019423-1.jpeg,23.64435,9.50413223140496
NORMAL/NORMAL-2055634-1.jpeg,28.358414,18.181818181818183
NORMAL/NORMAL-2059629-1.jpeg,34.768284,23.553719008264462
NORMAL/NORMAL-2075832-1.jpeg,26.07309,15.082644628099173
NORMAL/NORMAL-2082689-1.jpeg,20.44679,3.3057851239669422
NORMAL/NORMAL-2095710-1.jpeg,33.27207,22.933884297520663
NORMAL/NORMAL-2113822-1.jpeg,19.59127,1.962809917355372
NORMAL/NORMAL-2120559-1.jpeg,22.695127,7.747933884297521
NORMAL/NORMAL-2120559-2.jpeg,27.039642,16.425619834710744
NORMAL/NORMAL-2120559-3.jpeg,23.977383,11.15702479338843
NORMAL/NORMAL-2126186-1.jpeg,26.917088,16.32231404958678
NORMAL/NORMAL-2131138-1.jpeg,29.766945,19.834710743801654
NORMAL/NORMAL-2158556-1.jpeg,29.683094,19.62809917355372
NORMAL/NORMAL-2167295-1.jpeg,30.720064,21.384297520661157
NORMAL/NORMAL-2181272-1.jpeg,26.51261,15.805785123966942
NORMAL/NORMAL-2182640-1.jpeg,28.875528,18.698347107438014
NORMAL/NORMAL-2192790-1.jpeg,30.118479,20.55785123966942
NORMAL/NORMAL-2197972-1.jpeg,21.310724,4.235537190082645
NORMAL/NORMAL-2226488-1.jpeg,34.948444,23.863636363636363
NORMAL/NORMAL-2231056-1.jpeg,23.86982,10.537190082644628
NORMAL/NORMAL-223814-1.jpeg,24.56196,12.293388429752067
NORMAL/NORMAL-2244950-1.jpeg,23.9642,11.053719008264464
NORMAL/NORMAL-2287992-1.jpeg,26.095472,15.18595041322314
NORMAL/NORMAL-2305502-1.jpeg,23.30651,9.194214876033058
NORMAL/NORMAL-2312921-1.jpeg,28.553158,18.49173553719008
NORMAL/NORMAL-2316423-1.jpeg,31.174162,21.694214876033058
NORMAL/NORMAL-2335256-1.jpeg,22.891476,8.057851239669422
NORMAL/NORMAL-2342517-1.jpeg,29.392355,19.214876033057852
NORMAL/NORMAL-2350851-1.jpeg,23.790035,10.330578512396695
NORMAL/NORMAL-2351012-1.jpeg,19.298803,1.3429752066115703
NORMAL/NORMAL-2362579-1.jpeg,23.482897,9.400826446280993
NORMAL/NORMAL-2366700-1.jpeg,22.123976,6.095041322314049
NORMAL/NORMAL-2373878-1.jpeg,24.303246,11.983471074380166
NORMAL/NORMAL-2377429-1.jpeg,18.827332,0.6198347107438017
NORMAL/NORMAL-2392366-1.jpeg,27.866808,17.458677685950413
NORMAL/NORMAL-2397754-1.jpeg,29.834192,20.24793388429752
NORMAL/NORMAL-2403175-1.jpeg,25.729675,14.256198347107437
NORMAL/NORMAL-2416187-1.jpeg,25.68702,13.946280991735538
NORMAL/NORMAL-2421067-1.jpeg,19.235304,1.1363636363636365
NORMAL/NORMAL-2424949-1.jpeg,41.56268,28.40909090909091
NORMAL/NORMAL-2434258-1.jpeg,23.064232,8.884297520661157
NORMAL/NORMAL-2436365-1.jpeg,17.785177,0.30991735537190085
NORMAL/NORMAL-2448954-1.jpeg,19.530935,1.859504132231405
NORMAL/NORMAL-2459401-1.jpeg,22.409998,7.024793388429752
NORMAL/NORMAL-2460548-1.jpeg,25.014301,13.016528925619836
NORMAL/NORMAL-2476896-1.jpeg,30.398151,20.867768595041323
NORMAL/NORMAL-2493975-1.jpeg,27.343729,16.632231404958677
NORMAL/NORMAL-2504667-1.jpeg,21.465929,4.648760330578512
NORMAL/NORMAL-2509453-1.jpeg,24.907242,12.8099173553719
NORMAL/NORMAL-2517546-1.jpeg,21.23894,4.028925619834711
NORMAL/NORMAL-2549549-1.jpeg,23.738249,10.12396694214876
NORMAL/NORMAL-2551333-1.jpeg,22.393204,6.8181818181818175
NORMAL/NORMAL-2569106-1.jpeg,20.064856,2.9958677685950414
NORMAL/NORMAL-2570020-1.jpeg,29.012236,18.90495867768595
NORMAL/NORMAL-2579419-1.jpeg,34.749847,23.450413223140494
NORMAL/NORMAL-2598368-1.jpeg,29.7809,19.93801652892562
NORMAL/NORMAL-2602596-1.jpeg,17.673992,0.2066115702479339
NORMAL/NORMAL-2627129-1.jpeg,21.396172,4.4421487603305785
NORMAL/NORMAL-2633503-1.jpeg,33.093124,22.83057851239669
NORMAL/NORMAL-2636641-1.jpeg,22.941671,8.264462809917356
NORMAL/NORMAL-2665491-1.jpeg,19.521532,1.756198347107438
NORMAL/NORMAL-269181-1.jpeg,40.312176,27.479338842975203
NORMAL/NORMAL-2705520-1.jpeg,28.461113,18.285123966942148
NORMAL/NORMAL-2709055-1.jpeg,27.898643,17.56198347107438
NORMAL/NORMAL-2733663-1.jpeg,22.93212,8.16115702479339
NORMAL/NORMAL-2739821-1.jpeg,40.1951,27.27272727272727
NORMAL/NORMAL-2769622-1.jpeg,19.676123,2.169421487603306
NORMAL/NORMAL-2769622-2.jpeg,37.066013,24.89669421487603
NORMAL/NORMAL-279206-1.jpeg,55.26408,64.46280991735537
NORMAL/NORMAL-283376-1.jpeg,23.953724,10.950413223140496
NORMAL/NORMAL-285896-1.jpeg,19.60272,2.066115702479339
NORMAL/NORMAL-2973935-1.jpeg,23.94596,10.743801652892563
NORMAL/NORMAL-3059523-1.jpeg,31.949444,22.520661157024794
NORMAL/NORMAL-307151-1.jpeg,25.547235,13.533057851239668
NORMAL/NORMAL-307151-2.jpeg,20.655794,3.4090909090909087
NORMAL/NORMAL-3077276-1.jpeg,25.64122,13.842975206611571
NORMAL/NORMAL-3100637-1.jpeg,23.953518,10.847107438016529
NORMAL/NORMAL-3103940-1.jpeg,18.853226,0.8264462809917356
NORMAL/NORMAL-3108564-1.jpeg,24.854187,12.603305785123966
NORMAL/NORMAL-3134896-1.jpeg,29.807966,20.041322314049587
NORMAL/NORMAL-3166591-1.jpeg,18.84893,0.7231404958677686
NORMAL/NORMAL-3220509-1.jpeg,23.65006,9.710743801652892
NORMAL/NORMAL-3244919-1.jpeg,28.2191,17.87190082644628
NORMAL/NORMAL-3256489-1.jpeg,22.28545,6.508264462809918
NORMAL/NORMAL-3277704-1.jpeg,22.089802,5.991735537190083
NORMAL/NORMAL-3300015-1.jpeg,21.032465,3.71900826446281
NORMAL/NORMAL-3307598-1.jpeg,25.557846,13.636363636363635
NORMAL/NORMAL-3307598-2.jpeg,29.698696,19.731404958677686
NORMAL/NORMAL-3308307-1.jpeg,38.754665,26.34297520661157
NORMAL/NORMAL-330905-1.jpeg,23.859545,10.433884297520661
NORMAL/NORMAL-3320960-1.jpeg,21.491238,4.75206611570248
NORMAL/NORMAL-3326661-1.jpeg,31.641588,22.31404958677686
NORMAL/NORMAL-3330006-1.jpeg,32.48874,22.727272727272727
NORMAL/NORMAL-3332063-1.jpeg,23.647387,9.607438016528926
NORMAL/NORMAL-33350-1.jpeg,28.550566,18.388429752066116
NORMAL/NORMAL-33350-2.jpeg,25.865314,14.669421487603307
NORMAL/NORMAL-33350-3.jpeg,35.644897,24.173553719008265
NORMAL/NORMAL-3340309-1.jpeg,32.196823,22.62396694214876
NORMAL/NORMAL-3346049-1.jpeg,26.037642,14.979338842975206
NORMAL/NORMAL-3347645-1.jpeg,27.474075,16.94214876033058
NORMAL/NORMAL-3354044-1.jpeg,39.256355,26.65289256198347
NORMAL/NORMAL-3361560-1.jpeg,30.694841,21.280991735537192
NORMAL/NORMAL-3361750-1.jpeg,20.436739,3.202479338842975
NORMAL/NORMAL-33637-1.jpeg,22.551893,7.334710743801653
NORMAL/NORMAL-3373954-1.jpeg,37.31057,25.0
NORMAL/NORMAL-3380901-1.jpeg,30.127665,20.764462809917354
NORMAL/NORMAL-338568-1.jpeg,23.142773,9.090909090909092
NORMAL/NORMAL-3390782-1.jpeg,25.3217,13.326446280991735
NORMAL/NORMAL-3398969-1.jpeg,45.0544,32.33471074380165
NORMAL/NORMAL-3399839-1.jpeg,21.43627,4.545454545454546
NORMAL/NORMAL-3416330-1.jpeg,24.393122,12.086776859504132
NORMAL/NORMAL-3431386-1.jpeg,26.434471,15.495867768595042
NORMAL/NORMAL-3451887-1.jpeg,30.118881,20.66115702479339
NORMAL/NORMAL-3465750-1.jpeg,29.413586,19.318181818181817
NORMAL/NORMAL-3466714-1.jpeg,21.172457,3.925619834710744
NORMAL/NORMAL-3475211-1.jpeg,19.73214,2.272727272727273
NORMAL/NORMAL-348347-1.jpeg,20.832764,3.512396694214876
NORMAL/NORMAL-349021-1.jpeg,30.536053,21.074380165289256
NORMAL/NORMAL-351109-1.jpeg,38.918556,26.549586776859503
NORMAL/NORMAL-351109-2.jpeg,19.973751,2.6859504132231407
NORMAL/NORMAL-3531215-1.jpeg,25.27672,13.223140495867769
NORMAL/NORMAL-3538316-1.jpeg,24.117384,11.363636363636363
NORMAL/NORMAL-3561306-1.jpeg,22.77359,7.851239669421488
NORMAL/NORMAL-3561306-2.jpeg,23.141579,8.987603305785125
NORMAL/NORMAL-366503-1.jpeg,21.694586,4.958677685950414
NORMAL/NORMAL-366503-2.jpeg,22.40002,6.921487603305786
NORMAL/NORMAL-36734-1.jpeg,25.797688,14.46280991735537
NORMAL/NORMAL-37818-1.jpeg,27.75909,17.355371900826448
NORMAL/NORMAL-395557-1.jpeg,26.886742,16.219008264462808
NORMAL/NORMAL-402066-1.jpeg,29.116812,19.00826446280992
NORMAL/NORMAL-402066-2.jpeg,23.75773,10.227272727272728
NORMAL/NORMAL-402066-3.jpeg,22.439777,7.128099173553719
NORMAL/NORMAL-402066-4.jpeg,29.118126,19.111570247933884
NORMAL/NORMAL-402066-5.jpeg,20.86568,3.6157024793388426
NORMAL/NORMAL-438684-1.jpeg,24.726309,12.5
NORMAL/NORMAL-438684-2.jpeg,26.466372,15.599173553719009
NORMAL/NORMAL-438684-3.jpeg,24.873617,12.706611570247933
NORMAL/NORMAL-443980-1.jpeg,22.956121,8.367768595041323
NORMAL/NORMAL-446851-1.jpeg,36.788464,24.6900826446281
NORMAL/NORMAL-446851-2.jpeg,33.619534,23.140495867768596
NORMAL/NORMAL-447690-1.jpeg,26.784464,16.012396694214875
NORMAL/NORMAL-447690-2.jpeg,20.390646,3.0991735537190084
NORMAL/NORMAL-450532-1.jpeg,26.506947,15.702479338842975
NORMAL/NORMAL-450923-1.jpeg,19.08442,0.9297520661157025
NORMAL/NORMAL-450923-2.jpeg,25.983305,14.772727272727273
NORMAL/NORMAL-460711-1.jpeg,22.957062,8.47107438016529
NORMAL/NORMAL-460844-1.jpeg,19.318676,1.4462809917355373
NORMAL/NORMAL-466978-1.jpeg,27.589869,17.148760330578515
NORMAL/NORMAL-469935-1.jpeg,22.447304,7.231404958677685
NORMAL/NORMAL-4761187-1.jpeg,30.422125,20.971074380165287
NORMAL/NORMAL-4790999-1.jpeg,27.460154,16.735537190082646
NORMAL/NORMAL-48053-1.jpeg,27.758982,17.25206611570248
NORMAL/NORMAL-4839633-1.jpeg,23.037926,8.78099173553719
NORMAL/NORMAL-486271-1.jpeg,24.016285,11.260330578512397
NORMAL/NORMAL-508852-1.jpeg,22.084414,5.8884297520661155
NORMAL/NORMAL-508852-2.jpeg,21.976158,5.681818181818182
NORMAL/NORMAL-519372-1.jpeg,34.052895,23.34710743801653
NORMAL/NORMAL-524640-1.jpeg,25.417166,13.429752066115702
NORMAL/NORMAL-544457-1.jpeg,24.464674,12.190082644628099
NORMAL/NORMAL-544711-1.jpeg,24.71774,12.396694214876034
NORMAL/NORMAL-547422-1.jpeg,30.846972,21.487603305785125
NORMAL/NORMAL-547422-2.jpeg,22.388556,6.714876033057851
NORMAL/NORMAL-549356-1.jpeg,25.000383,12.913223140495866
NORMAL/NORMAL-549356-2.jpeg,18.401995,0.5165289256198348
NORMAL/NORMAL-549356-3.jpeg,22.351784,6.6115702479338845
NORMAL/NORMAL-552739-1.jpeg,24.166254,11.776859504132231
NORMAL/NORMAL-557437-1.jpeg,27.472633,16.83884297520661
NORMAL/NORMAL-557437-2.jpeg,25.11865,13.119834710743802
NORMAL/NORMAL-565818-1.jpeg,19.821507,2.37603305785124
NORMAL/NORMAL-566040-1.jpeg,29.517363,19.421487603305785
NORMAL/NORMAL-568518-1.jpeg,24.176266,11.8801652892562
NORMAL/NORMAL-568518-2.jpeg,28.867577,18.59504132231405
NORMAL/NORMAL-571157-1.jpeg,25.811895,14.566115702479337
NORMAL/NORMAL-571484-1.jpeg,24.11753,11.466942148760332
NORMAL/NORMAL-572972-1.jpeg,31.373543,22.004132231404956
NORMAL/NORMAL-574089-1.jpeg,22.977438,8.574380165289258
NORMAL/NORMAL-582215-1.jpeg,33.51612,23.037190082644628
NORMAL/NORMAL-588227-1.jpeg,35.44541,23.96694214876033
NORMAL/NORMAL-60471-1.jpeg,22.861092,7.954545454545454
NORMAL/NORMAL-605310-1.jpeg,27.256432,16.528925619834713
NORMAL/NORMAL-626127-1.jpeg,22.038519,5.785123966942149
NORMAL/NORMAL-628048-1.jpeg,22.586998,7.43801652892562
NORMAL/NORMAL-629493-1.jpeg,27.534145,17.045454545454543
NORMAL/NORMAL-651257-1.jpeg,21.85516,5.475206611570248
NORMAL/NORMAL-655117-1.jpeg,19.902803,2.5826446280991737
NORMAL/NORMAL-655447-1.jpeg,26.64571,15.909090909090908
NORMAL/NORMAL-664536-1.jpeg,22.99869,8.677685950413224
NORMAL/NORMAL-66515-1.jpeg,31.262108,21.797520661157023
NORMAL/NORMAL-672619-1.jpeg,18.20285,0.4132231404958678
NORMAL/NORMAL-692554-1.jpeg,21.508472,4.855371900826446
NORMAL/NORMAL-693575-1.jpeg,19.871277,2.479338842975207
NORMAL/NORMAL-697826-1.jpeg,34.7991,23.65702479338843
NORMAL/NORMAL-744709-1.jpeg,22.200138,6.301652892561983
NORMAL/NORMAL-755659-1.jpeg,30.8478,21.59090909090909
NORMAL/NORMAL-758272-1.jpeg,24.14603,11.570247933884298
NORMAL/NORMAL-76914-1.jpeg,26.861143,16.115702479338843
NORMAL/NORMAL-772481-1.jpeg,22.205654,6.40495867768595
NORMAL/NORMAL-84466-1.jpeg,25.718859,14.152892561983471
NORMAL/NORMAL-85367-1.jpeg,19.112143,1.0330578512396695
NORMAL/NORMAL-9251-1.jpeg,26.004774,14.87603305785124
NORMAL/NORMAL-98720-1.jpeg,26.22192,15.289256198347106
